Name/customer_id,Initial_Subsidy,transaction_amount,Subsidy_balance,hour_of_day,num_items,repeated_product_purchase(>10),same_product_transcation_count_month,prev_transactions,is_first_transaction,National_ID_verification,KKS_card_validation,Duplicate_account_detection,Transaction frequency (>3 per hour),valid_card,IP address (outside Indonesia ),app(0) vs kiosk(1)transaction,failed_login_attempts,payment_retry_count,same_device_multiple_accounts,login_location_changed
1,600000.00,217348.00,382652.00,3,2,0,2,10,0,1,1,0,1,0,0,0,3,0,0,1
2,875702.00,63672.00,812030.00,2,2,0,2,9,0,1,1,0,0,0,1,1,1,2,1,1
3,775803.00,49881.00,725922.00,2,5,1,0,5,0,1,1,0,1,0,0,1,0,3,0,0
4,828505.00,168931.00,659574.00,2,3,0,0,7,0,1,0,0,0,1,1,0,3,3,0,0
5,867166.00,61603.00,805563.00,3,2,0,5,5,0,1,0,0,1,1,1,1,2,3,0,0
6,786709.00,143391.00,643318.00,1,4,1,2,4,0,1,1,1,1,1,0,1,0,2,0,1
7,674615.00,66481.00,608134.00,3,1,0,4,4,0,1,1,1,1,0,0,0,4,1,0,0
8,769454.00,50354.00,719100.00,1,3,1,1,8,0,1,0,1,1,0,0,0,3,3,0,0
9,641946.00,92186.00,549760.00,3,5,0,2,5,0,1,0,0,1,1,0,1,0,0,0,0
10,660878.00,234362.00,426516.00,2,2,0,1,4,0,1,1,1,1,1,0,1,1,1,0,0
11,669954.00,65180.00,604774.00,3,2,0,2,9,0,1,1,0,1,0,1,0,5,1,0,0
12,723913.00,67383.00,656530.00,3,3,0,2,1,0,1,1,0,1,1,0,0,3,1,0,0
13,694461.00,312185.00,382276.00,2,7,1,2,0,1,1,0,1,0,0,1,1,0,0,0,0
14,875392.00,208894.00,666498.00,3,1,0,3,3,0,1,0,1,1,0,1,0,0,2,0,0
15,881691.00,114698.00,766993.00,3,2,0,1,6,0,0,1,1,0,1,1,1,1,1,0,0
16,782969.00,307263.00,475706.00,3,3,1,0,1,0,1,0,0,1,0,1,0,2,3,0,0
17,693542.00,324628.00,368914.00,3,2,0,2,5,0,1,1,1,1,0,1,1,3,0,1,0
18,755349.00,140147.00,615202.00,2,1,0,0,5,0,1,0,0,1,1,1,0,0,0,0,1
19,830169.00,162802.00,667367.00,2,3,0,0,4,0,1,1,0,1,0,1,0,0,1,0,0
20,867885.00,295931.00,571954.00,2,1,0,1,0,1,1,1,0,0,1,0,1,3,3,0,0
21,685612.00,260980.00,424632.00,1,2,0,3,10,0,1,0,0,0,0,1,0,5,0,0,0
22,856149.00,321988.00,534161.00,2,7,1,1,6,0,1,1,0,1,1,0,0,1,0,0,1
23,751334.00,273980.00,477354.00,2,3,0,4,1,0,1,1,1,1,1,0,0,1,0,0,0
24,873249.00,78970.00,794279.00,1,10,1,4,9,0,0,0,0,0,0,0,0,2,1,0,1
25,749129.00,58993.00,690136.00,2,2,0,1,6,0,1,1,0,0,1,0,0,2,3,0,1
26,862274.00,254369.00,607905.00,1,1,0,1,3,0,1,0,1,1,0,0,1,0,0,0,0
27,800732.00,328137.00,472595.00,2,2,0,3,10,0,1,1,0,1,1,1,0,2,3,0,1
28,805350.00,136928.00,668422.00,2,3,1,0,9,0,1,0,0,0,0,0,0,0,0,0,0
29,807511.00,274690.00,532821.00,2,4,0,3,7,0,1,0,1,1,1,1,1,3,1,1,1
30,754518.00,147869.00,606649.00,3,1,0,1,9,0,1,0,1,1,1,0,1,5,3,0,1
31,786076.00,69269.00,716807.00,3,3,0,0,6,0,1,1,1,1,1,0,1,1,1,1,1
32,798435.00,287052.00,511383.00,2,4,0,3,4,0,1,1,0,1,0,1,0,0,1,0,1
33,829891.00,210876.00,619015.00,3,1,0,0,5,0,1,0,1,0,0,1,0,1,1,0,0
34,811312.00,44982.00,766330.00,2,2,0,3,1,0,0,0,0,0,1,1,0,3,2,0,1
35,743431.00,247421.00,496010.00,2,2,0,0,7,0,1,0,1,1,0,0,1,1,0,0,1
36,847309.00,139781.00,707528.00,2,5,0,1,6,0,1,0,1,1,1,0,1,4,0,0,1
37,753992.00,236847.00,517145.00,2,3,1,3,1,0,1,0,1,1,1,1,0,0,2,0,0
38,882712.00,150509.00,732203.00,2,3,0,8,8,0,1,1,0,0,1,1,1,2,2,1,0
39,881699.00,58524.00,823175.00,1,4,0,0,1,0,1,1,0,0,1,1,1,5,3,1,0
40,659834.00,132808.00,527026.00,3,5,1,1,7,0,1,1,1,1,1,1,1,2,0,0,0
41,754798.00,235664.00,519134.00,2,3,0,0,9,0,1,1,1,1,1,0,1,4,2,0,0
42,807971.00,208915.00,599056.00,2,4,0,1,8,0,1,0,1,0,0,0,1,0,3,0,1
43,864133.00,180163.00,683970.00,3,2,0,3,10,0,1,0,0,0,0,0,0,0,2,0,0
44,607418.00,133332.00,474086.00,1,1,0,1,1,0,1,0,1,0,0,0,0,0,1,0,0
45,856420.00,71652.00,784768.00,2,3,0,1,4,0,1,0,0,0,0,1,1,4,0,1,0
46,639296.00,137878.00,501418.00,3,1,0,3,7,0,1,0,0,0,0,0,1,0,1,0,0
47,674043.00,151690.00,522353.00,2,2,0,1,2,0,1,0,0,0,0,0,1,3,3,0,0
48,835471.00,205217.00,630254.00,3,4,1,4,4,0,1,0,0,0,0,0,1,1,3,0,0
49,642650.00,121597.00,521053.00,2,1,0,2,9,0,1,0,0,0,0,0,0,2,2,0,0
50,785471.00,99273.00,686198.00,1,3,0,1,6,0,1,0,1,0,0,0,0,0,2,0,1
51,624637.00,29562.00,595075.00,1,1,0,0,1,0,1,0,0,0,1,1,0,2,1,0,0
52,689043.00,32118.00,656925.00,1,4,0,0,1,0,1,1,0,0,1,1,1,1,3,0,0
53,764204.00,158427.00,605777.00,1,1,0,2,8,0,0,0,0,1,1,0,1,1,3,0,0
54,799471.00,61795.00,737676.00,2,2,0,4,2,0,1,1,1,0,0,0,0,2,1,0,1
55,820103.00,188268.00,631835.00,3,4,1,2,2,0,1,1,0,1,0,1,1,1,2,0,0
56,611550.00,220281.00,391269.00,2,2,0,3,1,0,1,0,1,0,1,0,1,5,0,0,0
57,867463.00,291060.00,576403.00,2,4,0,2,3,0,1,1,1,0,0,0,1,4,3,0,1
58,604037.00,183014.00,421023.00,2,5,0,5,4,0,1,1,1,1,0,0,0,5,2,0,0
59,656599.00,283694.00,372905.00,3,5,1,2,7,0,1,0,0,1,0,1,0,3,0,0,0
60,886428.00,50643.00,835785.00,1,3,1,0,7,0,1,0,0,1,1,0,0,4,3,0,0
61,780814.00,48477.00,732337.00,2,5,1,0,4,0,0,1,0,1,0,0,1,5,2,0,1
62,878353.00,113132.00,765221.00,2,3,0,1,7,0,1,1,0,0,0,1,1,1,1,0,0
63,667721.00,149353.00,518368.00,3,5,0,1,10,0,1,0,1,0,1,1,1,0,1,0,1
64,613014.00,234077.00,378937.00,3,5,0,4,6,0,1,1,1,1,0,0,0,5,2,1,0
65,690237.00,300033.00,390204.00,2,4,0,0,5,0,1,0,0,1,0,1,1,3,3,0,0
66,817545.00,272925.00,544620.00,2,1,0,2,7,0,1,1,0,0,0,1,1,1,2,0,0
67,769315.00,131437.00,637878.00,2,5,1,0,1,0,1,1,0,0,1,0,1,3,0,0,0
68,638678.00,271085.00,367593.00,2,4,1,2,3,0,1,0,1,0,1,0,0,5,1,0,0
69,615816.00,152440.00,463376.00,2,1,0,1,3,0,1,1,1,0,0,1,0,4,3,0,0
70,624708.00,159334.00,465374.00,2,1,0,0,10,0,1,1,0,0,0,0,1,2,3,0,0
71,743171.00,61279.00,681892.00,2,2,0,0,6,0,1,1,1,1,1,0,0,2,0,0,1
72,709360.00,278037.00,431323.00,3,2,0,5,5,0,1,0,0,1,1,0,0,0,1,0,0
73,865161.00,231918.00,633243.00,3,4,0,1,0,1,1,0,0,1,1,0,1,3,2,0,0
74,802433.00,283996.00,518437.00,3,6,0,2,0,1,1,1,1,1,0,0,0,2,2,1,1
75,718176.00,163430.00,554746.00,3,5,0,4,10,0,1,1,1,0,1,0,0,3,2,0,0
76,650212.00,241092.00,409120.00,1,5,0,3,4,0,1,0,0,1,1,0,0,3,0,0,0
77,888503.00,97441.00,791062.00,2,2,0,0,8,0,1,1,0,1,1,0,1,0,2,1,0
78,677543.00,277495.00,400048.00,2,1,0,0,1,0,1,1,1,0,0,0,0,4,0,0,0
79,860924.00,54244.00,806680.00,3,2,0,1,2,0,1,0,0,1,0,1,1,1,3,0,0
80,746893.00,271243.00,475650.00,1,2,0,0,2,0,1,0,1,0,0,0,1,3,3,0,0
81,893292.00,313163.00,580129.00,3,2,0,2,6,0,1,0,1,0,0,1,1,2,2,0,1
82,718827.00,270557.00,448270.00,3,3,1,0,1,0,1,1,0,1,0,1,1,1,0,0,0
83,875573.00,249524.00,626049.00,2,1,0,0,10,0,1,0,0,0,0,1,0,1,3,0,0
84,766356.00,334588.00,431768.00,2,3,1,3,1,0,1,1,1,0,0,1,1,4,3,1,1
85,793638.00,209606.00,584032.00,2,2,0,0,2,0,1,1,0,0,1,0,0,0,2,0,1
86,792973.00,317441.00,475532.00,2,3,1,2,1,0,1,1,1,0,0,1,0,3,2,0,0
87,634901.00,145546.00,489355.00,2,2,0,1,8,0,1,1,1,0,0,1,0,4,1,0,0
88,733585.00,195769.00,537816.00,1,3,0,2,2,0,1,1,0,1,1,1,0,0,1,0,0
89,871763.00,209375.00,662388.00,2,2,1,2,4,0,1,0,0,1,0,0,1,3,1,0,0
90,648766.00,156753.00,492013.00,2,2,1,1,5,0,1,1,0,1,0,0,0,5,3,0,1
91,621069.00,165518.00,455551.00,1,1,0,1,1,0,1,1,1,1,0,0,1,2,3,1,0
92,667760.00,189728.00,478032.00,3,1,0,1,4,0,1,1,0,1,0,1,1,2,2,0,1
93,714886.00,308770.00,406116.00,2,3,0,0,6,0,1,1,0,0,1,0,0,1,2,0,1
94,723795.00,85567.00,638228.00,3,4,0,0,3,0,1,1,1,0,0,1,1,2,2,0,1
95,845505.00,48311.00,797194.00,3,4,1,3,5,0,1,0,1,1,1,1,0,0,3,0,0
96,777714.00,277367.00,500347.00,2,2,0,0,10,0,0,0,0,1,0,0,0,5,0,0,1
97,861564.00,191880.00,669684.00,2,4,1,3,4,0,1,1,1,1,1,1,0,2,3,0,0
98,831478.00,304221.00,527257.00,2,4,1,3,4,0,1,1,0,1,1,0,0,5,0,0,0
99,742617.00,223163.00,519454.00,2,1,0,0,9,0,1,0,1,0,1,1,0,3,3,0,0
100,722301.00,344440.00,377861.00,2,2,0,2,3,0,1,1,1,1,1,0,1,0,3,1,0
101,646462.00,158428.00,488034.00,3,3,0,1,3,0,1,0,0,0,1,0,1,5,1,0,1
102,809194.00,196382.00,612812.00,3,1,0,1,9,0,1,0,0,1,0,0,1,4,3,0,0
103,891728.00,37837.00,853891.00,2,3,1,1,6,0,1,0,0,0,0,1,1,5,0,0,1
104,856447.00,345019.00,511428.00,1,1,0,2,3,0,1,1,0,1,1,0,0,2,1,0,1
105,671944.00,270902.00,401042.00,3,2,0,0,0,1,1,0,1,0,0,1,0,5,1,1,0
106,690609.00,242059.00,448550.00,2,4,1,0,3,0,1,0,0,1,1,0,0,3,2,0,1
107,615629.00,213691.00,401938.00,2,4,0,4,1,0,1,1,1,1,1,1,0,0,1,0,0
108,708143.00,271183.00,436960.00,2,2,0,1,4,0,1,0,1,0,0,0,1,1,3,0,0
109,658538.00,145257.00,513281.00,2,2,0,0,7,0,1,1,0,0,1,0,1,2,1,0,0
110,606985.00,144982.00,462003.00,3,3,0,0,6,0,1,0,0,0,0,0,1,3,1,0,0
111,832632.00,88935.00,743697.00,1,1,0,0,9,0,1,1,1,0,0,1,1,4,0,0,0
112,865552.00,224141.00,641411.00,1,1,0,0,1,0,0,0,1,1,1,1,0,1,1,0,0
113,634477.00,297814.00,336663.00,2,2,0,1,4,0,1,1,1,1,1,0,0,1,3,0,0
114,723350.00,115435.00,607915.00,1,4,1,1,7,0,1,0,1,1,1,0,0,2,2,0,0
115,801697.00,256380.00,545317.00,2,4,1,3,6,0,1,0,0,0,0,0,1,0,0,0,0
116,796639.00,68868.00,727771.00,1,5,1,0,2,0,1,1,1,0,1,0,1,5,3,0,0
117,716985.00,193769.00,523216.00,3,3,0,4,7,0,1,0,0,1,1,1,0,4,3,1,0
118,875838.00,309948.00,565890.00,2,3,1,3,5,0,1,0,0,0,1,0,1,4,3,0,0
119,697504.00,103901.00,593603.00,3,5,0,2,10,0,1,1,1,0,1,0,0,4,2,0,0
120,876399.00,174493.00,701906.00,3,5,0,0,3,0,1,1,0,0,0,1,0,5,0,0,0
121,714840.00,220151.00,494689.00,2,5,0,5,2,0,1,1,1,1,1,0,0,1,3,0,0
122,896352.00,65443.00,830909.00,1,2,0,3,9,0,1,0,0,0,1,1,0,5,0,0,0
123,783751.00,74894.00,708857.00,2,1,0,0,6,0,1,1,1,1,1,1,1,3,0,0,1
124,858730.00,151062.00,707668.00,3,3,0,3,4,0,1,1,1,0,0,1,1,2,1,0,0
125,842956.00,202915.00,640041.00,2,4,0,0,4,0,1,1,0,1,1,0,1,3,0,0,0
126,789877.00,52366.00,737511.00,3,1,0,4,3,0,1,0,1,0,0,1,0,5,2,0,0
127,618978.00,231991.00,386987.00,2,5,1,0,9,0,1,1,1,0,1,0,1,1,0,0,0
128,701430.00,140047.00,561383.00,2,3,0,0,9,0,0,0,0,1,0,1,1,3,0,0,0
129,785358.00,79321.00,706037.00,3,3,0,2,10,0,1,1,0,1,0,1,1,4,2,1,0
130,668377.00,309034.00,359343.00,3,6,1,3,4,0,1,1,0,1,1,0,1,2,2,0,1
131,829466.00,130428.00,699038.00,2,4,0,3,7,0,1,1,1,1,1,1,0,2,3,0,0
132,833523.00,175916.00,657607.00,2,3,0,1,0,1,1,1,0,0,1,1,0,4,3,0,0
133,872892.00,172704.00,700188.00,3,1,0,1,2,0,1,0,1,1,0,0,0,0,0,0,1
134,643113.00,82954.00,560159.00,2,4,0,1,8,0,1,0,1,1,0,0,1,0,0,0,0
135,618414.00,37525.00,580889.00,2,5,0,1,8,0,1,1,0,1,1,1,1,4,1,0,0
136,644264.00,234382.00,409882.00,2,1,0,3,5,0,1,0,0,1,1,0,0,2,3,0,1
137,756353.00,72212.00,684141.00,3,2,0,3,7,0,0,1,1,1,0,1,0,2,0,0,0
138,734605.00,219142.00,515463.00,2,3,1,1,10,0,1,1,1,0,0,1,0,1,2,1,0
139,849699.00,321875.00,527824.00,3,6,1,1,4,0,1,1,1,0,0,1,0,0,3,0,0
140,772715.00,169465.00,603250.00,3,2,0,0,2,0,1,0,1,1,1,1,0,5,2,0,0
141,654481.00,220158.00,434323.00,2,2,0,0,5,0,1,0,0,1,0,1,0,3,2,0,1
142,876095.00,125517.00,750578.00,3,2,0,0,4,0,0,0,1,1,0,1,0,3,1,0,1
143,747849.00,230016.00,517833.00,2,2,0,1,10,0,1,1,0,0,0,0,1,5,3,0,1
144,885609.00,91365.00,794244.00,2,3,1,1,5,0,0,1,0,0,0,1,1,5,1,0,1
145,839344.00,104133.00,735211.00,1,3,0,1,9,0,1,1,0,1,0,1,0,0,2,0,0
146,662496.00,311336.00,351160.00,3,1,0,4,9,0,1,1,1,1,1,1,0,4,2,0,0
147,893767.00,169555.00,724212.00,2,6,0,0,5,0,1,0,1,0,1,0,1,1,0,1,0
148,749545.00,50209.00,699336.00,2,1,0,1,7,0,1,0,1,0,0,0,0,3,2,0,0
149,689117.00,115162.00,573955.00,2,5,1,2,1,0,1,0,1,1,0,0,0,4,2,0,1
150,632223.00,211197.00,421026.00,3,6,1,0,3,0,1,0,0,1,0,1,0,3,3,0,0
151,867796.00,25928.00,841868.00,2,8,0,2,3,0,1,0,0,1,1,1,0,1,1,0,0
152,631159.00,317177.00,313982.00,2,2,0,1,4,0,1,0,1,0,0,1,1,0,0,0,0
153,790153.00,291778.00,498375.00,3,5,0,3,0,1,1,1,1,1,0,0,1,3,3,0,0
154,764157.00,74607.00,689550.00,3,5,1,1,9,0,1,1,1,1,0,0,0,2,0,0,0
155,798353.00,255244.00,543109.00,3,2,0,1,0,1,1,0,1,1,1,0,0,5,1,0,0
156,895928.00,344140.00,551788.00,2,3,0,1,5,0,1,1,0,0,0,0,1,2,1,0,0
157,606406.00,323031.00,283375.00,2,2,0,1,9,0,1,1,0,0,1,0,1,4,0,0,0
158,626149.00,44255.00,581894.00,2,3,0,8,5,0,1,1,1,0,0,0,0,0,2,0,0
159,615209.00,192968.00,422241.00,3,2,0,1,5,0,1,0,1,1,0,0,0,5,1,0,0
160,622650.00,560936.00,61714.00,2,7,0,3,1,0,1,1,0,1,0,1,0,3,1,0,0
161,654957.00,56163.00,598794.00,3,2,0,3,3,0,1,0,0,0,0,0,0,0,1,0,0
162,725120.00,265128.00,459992.00,2,2,0,0,7,0,1,0,0,1,0,1,1,4,2,0,0
163,781841.00,222492.00,559349.00,2,3,0,5,5,0,1,1,0,1,1,1,0,4,3,0,0
164,706456.00,135613.00,570843.00,2,4,1,0,4,0,1,1,0,1,0,1,1,3,3,0,0
165,731279.00,121856.00,609423.00,3,2,0,1,6,0,1,1,0,1,1,0,0,2,3,0,0
166,781662.00,61339.00,720323.00,3,2,0,1,2,0,1,1,0,1,1,0,1,2,2,0,0
167,790892.00,134014.00,656878.00,2,3,1,5,3,0,1,1,0,0,1,1,0,5,2,0,0
168,688224.00,52497.00,635727.00,2,5,0,0,9,0,1,1,0,0,1,0,1,0,1,0,0
169,817335.00,26718.00,790617.00,2,1,0,5,9,0,1,0,0,1,0,1,0,3,1,1,0
170,784461.00,163090.00,621371.00,3,5,0,1,7,0,1,0,0,0,1,1,1,0,1,0,0
171,650879.00,97520.00,553359.00,2,3,0,2,5,0,1,0,0,1,1,0,1,4,2,0,0
172,722944.00,80754.00,642190.00,3,2,0,2,3,0,1,1,0,0,0,0,1,0,3,0,0
173,679233.00,143958.00,535275.00,3,3,0,0,1,0,1,0,1,0,1,1,1,5,2,0,0
174,871509.00,87475.00,784034.00,1,4,0,1,1,0,1,0,0,0,1,1,1,3,3,0,0
175,870656.00,199087.00,671569.00,2,5,0,3,2,0,1,0,1,1,1,0,1,1,1,1,0
176,883307.00,312171.00,571136.00,2,3,0,4,1,0,1,0,1,0,0,0,1,5,1,0,0
177,719354.00,333980.00,385374.00,3,2,0,3,0,1,1,0,0,1,0,0,0,0,0,0,0
178,836165.00,198964.00,637201.00,2,4,1,1,4,0,1,1,1,0,0,0,0,2,2,0,0
179,760959.00,72162.00,688797.00,1,4,0,3,3,0,1,0,0,1,1,0,1,1,3,0,0
180,788171.00,191261.00,596910.00,3,3,1,0,3,0,1,1,0,0,0,1,1,0,2,0,0
181,690279.00,196991.00,493288.00,2,3,0,3,10,0,1,0,1,1,1,1,0,3,0,1,1
182,766558.00,348246.00,418312.00,2,3,1,3,4,0,1,1,1,1,0,0,0,2,1,1,0
183,619526.00,344965.00,274561.00,2,5,1,4,0,1,1,0,1,1,1,1,0,1,3,0,0
184,748142.00,168421.00,579721.00,2,2,0,1,0,1,1,0,0,1,1,1,1,2,3,0,0
185,804753.00,324572.00,480181.00,3,3,0,0,7,0,1,0,0,1,0,1,1,3,0,0,0
186,696687.00,286783.00,409904.00,2,2,0,0,8,0,1,0,1,0,1,1,0,5,2,0,0
187,747820.00,146636.00,601184.00,1,2,0,1,3,0,0,1,0,1,1,0,0,5,1,0,0
188,832505.00,52812.00,779693.00,3,2,1,0,6,0,1,1,0,1,1,1,1,5,3,1,0
189,687114.00,201542.00,485572.00,3,4,0,0,4,0,1,0,1,0,1,1,1,5,3,0,0
190,876720.00,253885.00,622835.00,1,6,1,2,9,0,1,1,1,1,1,0,0,0,1,0,0
191,663293.00,318349.00,344944.00,1,5,1,2,8,0,1,1,0,0,0,0,0,0,3,0,0
192,883179.00,150823.00,732356.00,3,3,1,3,5,0,1,0,1,0,1,0,0,2,0,0,1
193,607247.00,263429.00,343818.00,2,4,1,0,8,0,1,0,1,0,0,0,0,1,3,0,1
194,658608.00,208285.00,450323.00,3,3,1,2,2,0,1,1,1,1,0,1,0,5,0,0,0
195,821467.00,136120.00,685347.00,3,3,1,1,0,1,1,1,0,0,0,0,1,3,1,0,0
196,632082.00,123463.00,508619.00,2,3,0,1,4,0,0,1,1,0,1,1,1,2,2,0,1
197,818083.00,138263.00,679820.00,1,2,0,1,6,0,1,0,0,1,0,1,1,2,1,0,0
198,741070.00,202255.00,538815.00,2,4,0,1,4,0,1,0,1,1,1,0,0,3,0,0,0
199,846694.00,119682.00,727012.00,3,7,1,1,9,0,1,0,0,0,1,1,1,3,0,0,0
200,618458.00,31812.00,586646.00,1,6,1,1,2,0,1,0,0,0,1,0,1,3,1,0,0
201,682030.00,144435.00,537595.00,3,5,1,1,9,0,1,1,0,0,0,0,0,3,3,1,0
202,625312.00,348035.00,277277.00,2,5,0,1,5,0,1,0,1,0,1,0,0,0,3,0,0
203,889601.00,301421.00,588180.00,2,4,0,3,9,0,1,1,1,0,0,1,0,3,0,0,0
204,752211.00,238688.00,513523.00,3,1,1,2,6,0,1,0,1,0,0,0,1,2,2,1,0
205,720468.00,178885.00,541583.00,3,4,0,3,4,0,1,0,0,0,1,0,0,5,0,0,0
206,699570.00,28937.00,670633.00,3,4,1,1,4,0,1,1,0,1,0,1,0,1,1,0,0
207,682541.00,236023.00,446518.00,3,4,1,4,2,0,1,0,1,1,1,1,1,4,0,0,0
208,628194.00,297011.00,331183.00,1,1,0,1,10,0,1,1,1,1,1,1,0,2,2,0,0
209,853495.00,236931.00,616564.00,2,2,0,2,8,0,1,1,0,1,1,1,0,1,3,0,0
210,696614.00,185846.00,510768.00,2,3,1,3,9,0,1,0,1,0,1,1,0,3,0,1,0
211,652261.00,345203.00,307058.00,2,2,0,0,10,0,1,0,1,1,0,1,1,1,1,0,0
212,664661.00,306000.00,358661.00,3,3,0,3,1,0,1,0,1,1,0,0,1,0,3,0,0
213,814662.00,306643.00,508019.00,1,2,0,1,2,0,1,1,0,1,0,0,1,1,3,1,0
214,853826.00,163897.00,689929.00,1,4,1,0,1,0,1,1,0,0,1,1,1,3,2,0,0
215,871079.00,237581.00,633498.00,2,2,0,1,7,0,1,0,0,0,1,0,1,1,1,0,0
216,816704.00,80165.00,736539.00,3,2,0,0,5,0,1,1,0,0,0,0,0,5,0,0,0
217,827234.00,276778.00,550456.00,2,4,0,0,2,0,1,0,0,1,1,1,1,2,0,0,0
218,750256.00,159126.00,591130.00,1,1,0,0,3,0,1,0,0,0,1,1,1,3,1,0,1
219,884472.00,121558.00,762914.00,2,3,0,1,5,0,1,0,1,0,1,1,0,5,0,0,0
220,602534.00,128287.00,474247.00,2,2,0,1,10,0,1,0,1,0,0,1,0,3,3,0,0
221,614759.00,112958.00,501801.00,2,2,0,1,4,0,1,0,0,1,0,1,1,3,0,0,0
222,899302.00,260458.00,638844.00,3,4,0,3,4,0,1,0,1,1,0,0,1,0,3,0,1
223,743864.00,263819.00,480045.00,3,2,0,2,9,0,1,0,0,0,0,1,0,2,1,0,0
224,676868.00,79990.00,596878.00,3,3,1,1,6,0,1,0,1,0,0,1,0,0,3,0,1
225,889366.00,141923.00,747443.00,3,5,0,3,8,0,1,0,1,0,1,1,0,2,1,0,0
226,839188.00,238970.00,600218.00,2,1,0,2,6,0,1,1,1,0,0,1,0,4,1,1,0
227,798689.00,287913.00,510776.00,2,4,1,3,10,0,1,1,0,1,0,1,0,3,1,0,0
228,891362.00,251285.00,640077.00,1,6,0,0,10,0,1,0,1,1,1,0,0,3,0,0,0
229,816121.00,188437.00,627684.00,1,2,0,0,9,0,1,1,1,0,0,1,1,3,3,0,0
230,886404.00,218548.00,667856.00,3,3,1,1,9,0,1,0,1,0,0,0,1,1,2,0,1
231,661489.00,256224.00,405265.00,2,4,1,3,2,0,1,0,0,1,0,1,1,2,1,0,0
232,697297.00,207438.00,489859.00,3,4,0,3,8,0,1,0,1,0,1,1,0,5,0,1,0
233,791225.00,58651.00,732574.00,3,6,0,5,5,0,1,1,1,0,0,1,0,2,1,0,0
234,699566.00,345119.00,354447.00,2,2,0,1,4,0,0,0,1,0,1,1,1,3,1,0,0
235,853858.00,234514.00,619344.00,2,3,0,1,8,0,1,1,1,1,0,0,1,2,0,0,0
236,670117.00,286848.00,383269.00,3,5,1,3,9,0,1,1,1,1,1,0,1,4,3,0,1
237,695457.00,107490.00,587967.00,1,2,0,8,6,0,0,1,0,1,1,0,0,3,2,0,1
238,642869.00,155451.00,487418.00,1,3,0,0,2,0,1,1,0,0,1,1,0,1,1,1,0
239,769414.00,326143.00,443271.00,3,2,0,3,3,0,1,1,1,0,0,1,0,4,3,0,0
240,769362.00,318189.00,451173.00,3,4,1,3,4,0,1,1,0,1,1,0,1,2,2,0,0
241,692475.00,90971.00,601504.00,3,4,0,0,10,0,0,0,1,0,0,1,0,2,2,0,0
242,639383.00,331114.00,308269.00,3,1,0,4,7,0,1,0,0,1,1,0,0,3,1,0,0
243,652855.00,133020.00,519835.00,3,4,1,2,3,0,1,0,1,0,1,0,1,3,2,0,0
244,690816.00,344916.00,345900.00,2,4,0,2,10,0,1,0,1,1,1,0,1,2,3,0,1
245,733980.00,112151.00,621829.00,1,4,0,2,9,0,1,1,0,1,1,0,1,4,1,0,0
246,764869.00,183526.00,581343.00,2,3,1,0,9,0,1,1,0,1,0,1,0,2,0,0,1
247,791224.00,202310.00,588914.00,1,1,0,2,1,0,1,1,0,0,1,0,1,1,2,0,0
248,620268.00,116399.00,503869.00,2,2,0,1,9,0,1,1,0,1,0,0,1,3,3,0,0
249,610681.00,46821.00,563860.00,2,4,1,0,5,0,1,1,0,0,0,0,1,4,3,0,1
250,752652.00,277262.00,475390.00,2,1,0,2,10,0,1,1,0,0,0,1,0,4,2,0,0
251,845138.00,51933.00,793205.00,2,6,0,2,7,0,1,0,0,1,1,1,0,4,3,0,0
252,860364.00,238361.00,622003.00,3,2,0,1,10,0,1,0,1,0,1,0,0,1,1,1,0
253,649160.00,31909.00,617251.00,2,3,0,2,1,0,1,0,0,0,0,1,1,5,2,0,1
254,659251.00,285617.00,373634.00,2,5,1,1,8,0,0,0,1,0,1,0,1,0,0,0,0
255,813608.00,333938.00,479670.00,2,1,0,0,3,0,1,1,0,1,0,1,0,1,1,0,1
256,773351.00,246987.00,526364.00,2,3,0,0,8,0,1,1,1,0,0,1,0,4,0,0,0
257,600394.00,41041.00,559353.00,3,1,0,2,5,0,1,0,0,1,1,0,1,1,0,0,0
258,879066.00,285246.00,593820.00,2,3,0,3,0,1,1,1,0,0,1,0,0,4,1,0,0
259,626370.00,217885.00,408485.00,2,2,0,2,5,0,1,0,0,1,0,0,1,3,0,0,0
260,663333.00,306096.00,357237.00,3,5,0,3,9,0,1,1,1,1,0,1,1,2,3,0,0
261,795647.00,107618.00,688029.00,3,3,1,3,3,0,1,0,1,0,0,0,1,1,2,0,0
262,894353.00,335137.00,559216.00,1,2,0,2,0,1,1,0,0,1,0,1,1,0,0,0,1
263,692345.00,156508.00,535837.00,3,6,1,0,3,0,1,0,0,0,0,1,1,0,2,0,0
264,811754.00,174982.00,636772.00,3,3,0,0,9,0,1,1,0,0,0,1,0,1,1,0,1
265,659793.00,86302.00,573491.00,3,6,0,3,5,0,1,1,1,0,0,0,1,5,1,0,0
266,804062.00,349477.00,454585.00,3,2,0,0,7,0,1,1,1,0,1,0,0,1,1,0,0
267,801848.00,83021.00,718827.00,2,2,0,4,0,1,1,0,0,0,0,0,0,5,1,0,0
268,779341.00,306124.00,473217.00,3,6,1,4,6,0,1,0,0,0,0,0,0,0,3,0,0
269,870896.00,343804.00,527092.00,3,4,0,1,8,0,1,0,0,1,0,0,0,5,0,0,0
270,691793.00,64038.00,627755.00,3,6,0,8,3,0,1,1,0,0,1,1,0,2,1,0,0
271,883614.00,158634.00,724980.00,2,3,1,1,6,0,1,0,1,0,0,1,0,4,2,0,0
272,796669.00,231756.00,564913.00,2,3,1,0,10,0,1,0,1,0,0,0,1,2,3,1,0
273,637928.00,89427.00,548501.00,2,6,0,0,8,0,0,1,1,1,0,1,1,2,1,0,0
274,869205.00,311551.00,557654.00,3,6,1,2,5,0,1,0,0,1,0,0,0,1,1,0,0
275,855504.00,115007.00,740497.00,2,1,0,2,5,0,1,0,1,1,1,1,0,3,2,0,0
276,683691.00,61439.00,622252.00,3,1,0,3,5,0,1,0,0,1,1,1,0,0,1,0,0
277,736044.00,294926.00,441118.00,3,1,0,2,10,0,1,1,1,0,1,0,1,5,3,0,0
278,666675.00,163147.00,503528.00,2,3,0,3,5,0,1,0,0,0,1,1,1,1,2,0,0
279,679890.00,169636.00,510254.00,1,3,1,0,6,0,1,1,0,1,1,0,0,4,0,0,1
280,666307.00,339127.00,327180.00,3,6,1,2,5,0,1,1,0,1,0,0,0,5,2,0,0
281,790624.00,86806.00,703818.00,2,2,0,2,7,0,1,0,0,0,1,0,0,4,1,0,0
282,837810.00,310393.00,527417.00,3,2,0,0,8,0,1,0,1,0,0,1,1,5,0,1,0
283,741296.00,232383.00,508913.00,3,2,0,3,10,0,1,1,0,0,0,1,1,2,3,0,1
284,894967.00,97921.00,797046.00,3,6,0,1,8,0,1,0,0,1,0,1,0,5,3,0,0
285,737592.00,297427.00,440165.00,2,3,0,0,9,0,1,1,0,0,0,0,0,2,1,0,1
286,898616.00,255578.00,643038.00,3,1,0,2,4,0,1,0,0,0,0,1,0,2,3,0,0
287,704771.00,343689.00,361082.00,2,1,0,3,10,0,1,0,0,0,1,1,0,2,2,0,0
288,616769.00,28653.00,588116.00,1,4,0,3,1,0,1,1,0,0,1,1,1,0,3,1,1
289,708067.00,308841.00,399226.00,3,2,0,1,5,0,1,0,1,0,0,1,1,2,2,0,1
290,635731.00,271939.00,363792.00,3,4,0,0,8,0,1,1,0,0,0,0,0,5,3,0,0
291,788772.00,264296.00,524476.00,2,3,1,8,1,0,1,0,0,1,0,1,1,0,3,0,0
292,608224.00,269658.00,338566.00,2,5,0,1,3,0,1,1,1,1,1,0,1,0,1,0,0
293,790422.00,40620.00,749802.00,2,4,1,0,6,0,1,0,1,0,0,0,1,3,0,0,1
294,691024.00,290212.00,400812.00,2,4,0,0,0,1,0,1,0,1,0,1,0,1,0,0,0
295,695989.00,347693.00,348296.00,2,4,1,3,1,0,1,1,0,1,0,1,0,0,1,0,0
296,740999.00,229644.00,511355.00,3,1,0,4,6,0,1,0,0,1,0,1,0,2,0,0,0
297,712152.00,94600.00,617552.00,2,1,0,0,3,0,1,1,0,0,0,0,0,5,0,0,0
298,662244.00,313463.00,348781.00,2,3,0,2,9,0,1,0,1,0,0,0,1,3,3,1,0
299,689611.00,94845.00,594766.00,2,3,0,0,0,1,1,1,0,0,1,1,1,4,2,0,0
300,727494.00,298336.00,429158.00,1,3,0,1,10,0,1,1,1,1,1,0,1,1,3,0,1
301,857721.00,200739.00,656982.00,2,3,0,0,9,0,1,0,1,0,1,1,1,0,2,0,0
302,751059.00,283453.00,467606.00,1,7,1,1,7,0,1,1,1,1,1,1,1,5,1,0,0
303,780924.00,141226.00,639698.00,2,1,0,0,9,0,1,1,0,1,0,0,0,3,2,0,0
304,676972.00,230663.00,446309.00,2,5,1,1,3,0,1,1,1,0,1,0,1,5,2,1,0
305,896610.00,284160.00,612450.00,2,1,0,1,9,0,1,0,0,1,1,0,1,0,0,0,1
306,640926.00,118880.00,522046.00,3,2,0,3,5,0,0,0,0,0,0,0,0,2,1,0,0
307,706938.00,158560.00,548378.00,3,3,1,2,6,0,1,0,1,1,1,0,1,5,0,0,1
308,786212.00,59621.00,726591.00,2,2,0,1,9,0,1,0,1,0,1,1,1,3,3,0,0
309,738334.00,268709.00,469625.00,2,4,0,0,2,0,1,0,1,0,0,1,0,0,2,0,1
310,797672.00,243735.00,553937.00,2,2,0,2,8,0,1,1,1,1,0,1,0,5,3,0,1
311,723918.00,293230.00,430688.00,2,4,0,3,9,0,1,0,1,0,1,1,1,5,3,0,0
312,691315.00,200574.00,490741.00,2,2,0,1,0,1,1,0,1,1,0,1,0,2,3,0,0
313,857979.00,147271.00,710708.00,1,2,0,0,9,0,1,0,0,1,0,0,1,0,1,0,1
314,855474.00,297642.00,557832.00,3,4,1,1,5,0,1,1,0,1,1,0,0,3,2,0,0
315,824206.00,109747.00,714459.00,3,3,0,2,10,0,1,1,0,0,1,1,1,1,0,0,0
316,819303.00,130687.00,688616.00,3,6,0,0,1,0,1,1,1,1,0,0,1,0,1,0,0
317,747112.00,83475.00,663637.00,3,6,0,4,1,0,1,0,1,1,1,1,0,1,2,0,1
318,680174.00,244511.00,435663.00,2,2,0,1,9,0,1,0,0,1,0,1,0,2,0,0,0
319,699678.00,186277.00,513401.00,2,3,0,4,7,0,1,0,1,0,1,1,0,4,1,0,0
320,899508.00,236400.00,663108.00,2,1,0,2,7,0,1,0,0,1,0,0,0,2,2,0,0
321,840461.00,138344.00,702117.00,3,4,0,3,9,0,0,1,1,0,0,1,1,1,3,1,0
322,690370.00,46052.00,644318.00,2,3,1,1,8,0,1,0,1,1,1,0,1,0,0,0,0
323,825443.00,69728.00,755715.00,2,4,1,1,7,0,1,1,0,1,1,1,0,1,1,0,0
324,725556.00,269296.00,456260.00,2,2,0,2,3,0,1,1,1,1,1,1,1,1,0,0,0
325,748789.00,313927.00,434862.00,1,2,0,1,1,0,1,0,0,0,1,1,0,1,0,0,0
326,864740.00,42677.00,822063.00,2,3,0,0,2,0,1,0,1,0,0,0,0,0,1,0,0
327,622066.00,340582.00,281484.00,1,3,0,1,9,0,1,1,1,0,0,0,1,4,3,0,1
328,798849.00,311547.00,487302.00,3,1,0,0,7,0,1,1,0,1,0,1,1,1,0,0,0
329,892709.00,73908.00,818801.00,2,3,0,2,10,0,1,0,0,0,1,0,1,4,1,0,1
330,871328.00,136125.00,735203.00,3,2,0,1,2,0,1,0,1,1,0,0,0,5,2,0,0
331,773664.00,162206.00,611458.00,2,3,0,3,0,1,1,1,1,1,0,0,1,3,3,1,0
332,833975.00,76099.00,757876.00,1,5,0,1,4,0,1,1,0,1,0,0,0,3,0,0,1
333,780941.00,138757.00,642184.00,1,4,1,0,1,0,0,0,1,0,0,0,1,0,1,0,0
334,621265.00,320690.00,300575.00,2,5,1,5,6,0,1,0,1,1,1,1,0,2,0,0,0
335,832584.00,221112.00,611472.00,1,6,0,3,2,0,1,1,1,0,1,1,1,1,1,0,1
336,765362.00,54158.00,711204.00,3,1,0,3,2,0,1,0,0,1,0,0,0,3,2,0,0
337,709595.00,285001.00,424594.00,2,3,1,0,1,0,1,1,0,1,0,1,0,0,1,0,0
338,875428.00,188303.00,687125.00,2,7,0,1,9,0,1,0,0,0,1,1,0,5,1,0,0
339,829246.00,303281.00,525965.00,3,2,1,1,6,0,1,1,1,0,1,1,1,5,3,0,0
340,862769.00,323068.00,539701.00,2,1,0,2,10,0,1,0,0,1,0,0,1,3,2,0,1
341,876574.00,204808.00,671766.00,3,5,0,2,5,0,1,1,1,1,1,1,1,0,0,0,0
342,718018.00,236801.00,481217.00,3,4,1,0,10,0,0,0,1,1,0,1,1,1,3,0,0
343,727827.00,197433.00,530394.00,2,3,0,0,3,0,1,1,0,0,0,0,1,2,1,0,1
344,640796.00,291654.00,349142.00,3,3,1,0,1,0,1,0,1,1,1,1,0,2,0,0,0
345,807005.00,53184.00,753821.00,3,3,1,3,7,0,1,0,1,1,1,0,0,2,3,0,0
346,755872.00,65663.00,690209.00,2,4,0,0,8,0,1,0,1,0,1,1,0,1,2,1,0
347,625049.00,343851.00,281198.00,2,1,0,4,8,0,1,1,0,0,1,0,1,1,2,0,1
348,834674.00,262201.00,572473.00,2,5,0,4,3,0,1,0,1,0,1,0,1,4,3,0,1
349,771886.00,175734.00,596152.00,2,3,0,1,6,0,1,1,1,1,1,1,1,4,1,0,0
350,706478.00,349177.00,357301.00,3,3,1,0,2,0,1,1,1,0,0,1,0,1,0,0,0
351,680236.00,157175.00,523061.00,2,1,0,2,1,0,1,1,1,0,1,1,1,5,2,0,0
352,810918.00,253724.00,557194.00,1,3,0,1,3,0,1,0,0,0,1,1,0,2,1,0,1
353,652699.00,70114.00,582585.00,2,2,0,2,7,0,1,0,1,0,0,1,0,0,0,0,1
354,801286.00,33433.00,767853.00,1,4,0,1,2,0,1,0,1,0,0,1,1,3,2,0,0
355,890104.00,93415.00,796689.00,3,4,0,3,0,1,1,1,0,1,0,0,1,2,0,0,0
356,687244.00,284941.00,402303.00,3,2,0,2,8,0,1,0,1,1,1,0,1,1,0,0,1
357,859748.00,89032.00,770716.00,2,1,0,2,5,0,1,0,1,0,1,0,1,0,0,0,0
358,753821.00,235854.00,517967.00,3,3,0,2,4,0,1,1,1,0,1,0,1,0,2,0,0
359,681409.00,30238.00,651171.00,2,3,0,1,1,0,0,0,0,0,1,1,0,3,2,0,0
360,751241.00,332322.00,418919.00,2,3,0,0,4,0,1,1,1,0,1,0,0,4,2,0,0
361,851310.00,141863.00,709447.00,1,2,0,2,6,0,1,1,0,0,0,1,1,3,1,0,0
362,624467.00,258935.00,365532.00,3,2,0,2,7,0,1,1,0,1,1,0,0,0,1,0,0
363,788637.00,135533.00,653104.00,2,2,0,1,2,0,1,1,0,0,0,1,0,4,2,0,0
364,791823.00,208945.00,582878.00,3,5,1,0,9,0,0,0,0,0,0,0,0,5,3,0,0
365,724459.00,195766.00,528693.00,3,1,0,1,2,0,1,1,0,1,0,0,0,0,1,1,0
366,655432.00,38747.00,616685.00,1,3,0,1,0,1,1,0,0,0,0,0,1,2,3,0,0
367,612299.00,87118.00,525181.00,3,4,1,3,3,0,1,1,0,1,0,0,1,3,3,0,0
368,891389.00,228435.00,662954.00,1,5,0,1,8,0,1,0,0,1,1,1,1,3,3,0,1
369,656481.00,340442.00,316039.00,2,5,0,0,1,0,1,1,0,0,1,0,1,2,1,1,0
370,850538.00,308291.00,542247.00,2,3,1,1,2,0,1,1,0,1,1,1,1,2,0,0,0
371,716255.00,201429.00,514826.00,3,3,0,4,7,0,1,0,1,0,0,1,0,0,1,0,0
372,869833.00,125116.00,744717.00,2,3,1,0,0,1,1,1,1,1,0,1,1,2,2,0,0
373,668308.00,213557.00,454751.00,3,5,1,3,3,0,1,1,1,0,0,0,1,4,0,0,0
374,734900.00,291206.00,443694.00,2,3,1,0,4,0,1,1,0,0,0,1,0,4,0,0,1
375,819575.00,255993.00,563582.00,1,3,0,0,5,0,1,0,1,0,1,0,1,0,2,1,0
376,824242.00,271681.00,552561.00,2,2,0,1,10,0,1,0,0,1,0,1,0,4,0,0,0
377,758247.00,236199.00,522048.00,1,4,0,2,3,0,1,1,0,0,1,0,0,5,2,0,1
378,749378.00,27492.00,721886.00,2,5,0,2,6,0,1,1,0,0,0,1,0,3,3,0,0
379,870065.00,74514.00,795551.00,3,2,0,0,1,0,1,1,0,0,0,1,0,5,1,0,0
380,870076.00,94071.00,776005.00,3,5,0,2,7,0,1,0,0,0,1,0,1,1,2,0,0
381,615508.00,304633.00,310875.00,2,3,1,0,8,0,1,0,1,1,0,0,1,1,2,0,0
382,713900.00,319811.00,394089.00,2,1,0,4,0,1,1,1,0,0,1,1,0,1,1,1,0
383,852453.00,59425.00,793028.00,3,2,0,2,4,0,1,1,0,1,0,0,0,1,1,0,0
384,761055.00,129992.00,631063.00,3,2,0,2,8,0,1,0,0,0,1,1,1,5,0,0,0
385,668652.00,26058.00,642594.00,1,1,0,2,2,0,1,0,1,1,0,1,1,5,2,0,0
386,832313.00,26686.00,805627.00,2,7,1,3,0,1,1,1,1,1,0,0,1,5,3,0,0
387,684538.00,279823.00,404715.00,3,1,0,1,5,0,1,0,1,0,1,1,0,0,1,0,0
388,845712.00,262445.00,583267.00,3,3,0,0,3,0,1,0,1,0,1,0,1,1,3,0,0
389,754030.00,322039.00,431991.00,2,4,1,2,2,0,1,0,1,0,1,1,1,3,2,0,0
390,809391.00,142416.00,666975.00,3,2,0,1,3,0,1,1,0,1,1,1,0,3,0,0,0
391,889293.00,202842.00,686451.00,2,3,0,0,1,0,1,1,0,0,1,1,0,0,0,0,0
392,608713.00,257951.00,350762.00,1,3,0,0,3,0,1,0,1,0,1,0,1,1,2,0,0
393,803689.00,303760.00,499929.00,2,5,1,1,5,0,1,0,1,1,0,1,0,5,3,0,1
394,607924.00,67766.00,540158.00,3,2,0,2,8,0,1,0,0,1,0,1,0,0,0,0,1
395,699910.00,218612.00,481298.00,2,4,0,2,0,1,1,1,0,1,0,0,1,0,1,0,0
396,844582.00,125685.00,718897.00,3,1,0,0,7,0,1,1,1,0,1,0,0,0,0,0,1
397,850895.00,123285.00,727610.00,2,2,0,0,8,0,1,0,0,0,0,1,0,5,3,0,0
398,690541.00,140632.00,549909.00,2,6,0,0,7,0,1,0,0,0,1,0,0,0,3,0,0
399,858256.00,103137.00,755119.00,2,5,1,4,10,0,0,1,1,0,1,1,0,3,3,0,0
400,720294.00,138535.00,581759.00,1,3,1,2,3,0,1,0,0,0,0,1,1,0,3,0,0
401,834584.00,224572.00,610012.00,2,7,0,0,8,0,1,1,0,1,0,1,1,4,0,0,0
402,666954.00,236623.00,430331.00,2,3,1,3,4,0,1,0,0,0,1,1,1,0,0,0,0
403,704923.00,264632.00,440291.00,3,5,0,1,0,1,1,1,0,0,1,1,1,2,0,0,0
404,701553.00,295268.00,406285.00,1,5,1,3,4,0,1,0,0,0,1,0,0,3,2,1,0
405,651474.00,257037.00,394437.00,1,6,1,4,5,0,1,1,1,1,1,1,0,1,2,0,0
406,702822.00,341242.00,361580.00,1,1,0,2,5,0,1,1,0,0,1,0,1,0,3,0,1
407,731318.00,27048.00,704270.00,1,2,0,0,1,0,1,0,1,0,1,0,0,4,1,0,0
408,645108.00,129325.00,515783.00,1,6,1,4,1,0,1,1,1,1,1,1,0,4,1,0,0
409,656492.00,73152.00,583340.00,2,2,0,1,0,1,1,1,1,1,1,0,1,5,3,0,1
410,641183.00,112647.00,528536.00,2,1,0,2,2,0,1,0,1,1,1,0,0,5,2,1,0
411,670685.00,119831.00,550854.00,3,2,0,2,4,0,1,0,1,1,0,0,0,1,2,0,0
412,896557.00,134470.00,762087.00,2,4,0,5,5,0,1,0,0,1,0,0,1,2,0,0,0
413,848333.00,134630.00,713703.00,2,6,0,2,3,0,1,1,0,1,0,0,0,3,0,0,0
414,841671.00,247256.00,594415.00,3,3,1,0,4,0,1,1,0,0,1,1,1,3,1,0,1
415,745942.00,340182.00,405760.00,2,2,0,2,2,0,1,1,0,1,0,1,0,5,3,0,0
416,679406.00,155458.00,523948.00,3,1,0,1,9,0,1,1,1,0,0,1,0,0,3,0,0
417,797632.00,349494.00,448138.00,3,4,1,0,2,0,1,0,1,0,0,1,1,3,1,0,0
418,856241.00,329341.00,526900.00,1,3,0,2,8,0,1,0,0,1,1,1,1,2,0,0,0
419,867474.00,108476.00,758998.00,3,1,0,2,7,0,1,0,1,1,0,0,1,5,3,0,0
420,616987.00,308130.00,308857.00,3,2,0,2,9,0,1,1,1,1,1,1,1,4,2,0,0
421,880172.00,304503.00,575669.00,3,4,1,1,4,0,1,1,1,1,0,1,0,4,0,0,0
422,833159.00,240596.00,592563.00,2,4,0,3,10,0,1,1,0,0,1,1,0,0,2,0,0
423,683696.00,198801.00,484895.00,3,1,0,0,1,0,1,0,0,0,0,0,0,5,1,0,1
424,893890.00,272852.00,621038.00,2,4,0,0,6,0,1,1,0,1,0,1,1,0,0,0,0
425,666918.00,294165.00,372753.00,3,3,1,1,2,0,1,0,1,0,1,0,0,0,3,0,0
426,873237.00,276121.00,597116.00,2,3,0,3,3,0,1,0,0,1,0,0,0,1,0,1,0
427,631253.00,144967.00,486286.00,1,3,0,3,4,0,1,1,1,1,1,1,1,5,3,0,0
428,638142.00,198034.00,440108.00,2,2,0,0,10,0,1,0,1,1,0,1,1,4,2,0,0
429,696413.00,253847.00,442566.00,3,4,0,4,9,0,1,1,0,0,0,0,0,2,2,0,0
430,854084.00,134617.00,719467.00,1,2,0,0,10,0,1,1,1,0,0,0,0,4,1,0,1
431,710127.00,47788.00,662339.00,2,1,0,0,4,0,1,1,1,1,1,1,1,1,0,0,0
432,789241.00,81494.00,707747.00,2,5,0,1,0,1,1,1,1,1,0,1,0,1,1,0,0
433,613138.00,155268.00,457870.00,2,4,1,0,5,0,1,0,1,0,0,1,1,3,0,0,0
434,789161.00,72679.00,716482.00,2,6,1,2,3,0,1,0,0,0,1,0,1,1,2,0,1
435,721722.00,291835.00,429887.00,2,4,1,2,7,0,1,0,0,0,1,1,1,2,0,0,1
436,710366.00,41869.00,668497.00,3,4,1,4,2,0,1,0,1,0,0,0,0,3,3,0,0
437,797976.00,143051.00,654925.00,3,6,1,1,6,0,1,1,1,1,0,0,0,3,1,0,0
438,698900.00,285943.00,412957.00,2,8,0,0,1,0,1,1,1,0,1,1,0,0,1,0,1
439,655177.00,344370.00,310807.00,2,4,0,3,1,0,1,1,1,0,0,1,0,2,0,0,0
440,705804.00,224833.00,480971.00,3,2,1,1,5,0,1,0,0,0,1,0,1,0,0,0,1
441,643712.00,205815.00,437897.00,3,3,1,1,2,0,1,1,0,0,1,1,1,1,0,0,0
442,740962.00,78482.00,662480.00,3,2,0,2,0,1,1,1,0,1,0,1,0,3,2,0,0
443,788674.00,80675.00,707999.00,2,3,0,3,5,0,1,1,0,1,1,1,0,1,3,1,0
444,716570.00,184872.00,531698.00,2,3,0,1,10,0,1,0,0,1,0,0,0,1,3,0,0
445,639789.00,334746.00,305043.00,2,2,0,0,10,0,1,0,1,1,0,0,1,5,1,0,0
446,675923.00,31344.00,644579.00,3,3,1,2,9,0,1,1,0,0,0,1,1,5,3,0,0
447,688443.00,58512.00,629931.00,2,2,0,1,10,0,1,1,0,1,0,1,0,3,0,0,0
448,788619.00,192541.00,596078.00,3,3,1,2,9,0,1,1,0,1,1,0,0,5,0,0,0
449,726096.00,326466.00,399630.00,3,6,0,8,9,0,1,1,0,0,0,0,1,0,1,0,1
450,733227.00,56261.00,676966.00,1,4,0,3,6,0,1,0,0,1,0,0,1,4,3,0,1
451,638474.00,25040.00,613434.00,2,3,0,3,6,0,1,0,1,1,1,1,1,2,1,0,0
452,838817.00,314598.00,524219.00,1,4,1,4,1,0,1,0,0,0,0,1,1,0,1,0,0
453,655588.00,135525.00,520063.00,1,6,1,2,10,0,1,0,1,0,1,1,0,2,1,0,0
454,690219.00,321629.00,368590.00,3,1,0,0,10,0,1,1,0,0,0,1,1,3,2,0,0
455,718569.00,207113.00,511456.00,2,2,0,0,5,0,1,1,0,1,0,0,0,1,3,1,0
456,883956.00,50212.00,833744.00,3,1,0,2,10,0,1,1,1,1,0,1,0,2,3,0,1
457,769859.00,149806.00,620053.00,3,2,0,1,5,0,1,1,1,0,1,0,1,3,0,0,0
458,884382.00,189605.00,694777.00,2,5,0,3,8,0,1,0,0,1,0,1,1,0,1,0,1
459,867459.00,60514.00,806945.00,1,5,1,0,6,0,1,1,0,0,1,1,0,1,1,0,0
460,847611.00,330475.00,517136.00,2,3,1,0,6,0,1,1,0,0,0,0,0,1,1,0,1
461,640541.00,174655.00,465886.00,1,5,1,5,6,0,1,0,0,1,0,0,0,1,3,0,0
462,645598.00,280754.00,364844.00,3,3,1,0,5,0,1,0,1,0,0,1,0,2,3,1,0
463,721091.00,210349.00,510742.00,3,1,0,8,5,0,0,0,0,1,0,0,0,3,3,0,1
464,618546.00,150746.00,467800.00,2,4,1,2,0,1,1,0,1,0,0,1,0,2,1,0,0
465,862497.00,168632.00,693865.00,2,3,1,0,1,0,1,1,0,0,1,0,1,2,3,0,0
466,761345.00,60979.00,700366.00,3,3,0,2,2,0,1,0,1,1,1,0,1,1,3,0,0
467,604027.00,128502.00,475525.00,2,3,0,1,2,0,1,1,0,1,0,0,1,5,2,0,0
468,802601.00,31042.00,771559.00,2,2,0,0,8,0,1,1,1,0,0,1,1,5,3,0,0
469,802257.00,250338.00,551919.00,3,5,1,1,8,0,1,1,1,1,1,0,1,2,2,0,0
470,873155.00,249664.00,623491.00,2,4,1,1,7,0,1,1,0,0,0,1,0,4,1,0,0
471,673996.00,289833.00,384163.00,2,2,0,3,4,0,1,1,0,1,0,1,0,1,2,0,1
472,787665.00,113481.00,674184.00,1,1,0,3,1,0,1,1,0,0,1,1,0,0,3,0,1
473,607015.00,66898.00,540117.00,3,3,0,2,6,0,1,1,0,0,1,0,0,0,0,0,0
474,747542.00,227789.00,519753.00,3,6,0,1,8,0,1,1,0,0,0,1,1,1,0,1,0
475,676260.00,76470.00,599790.00,3,6,0,1,8,0,0,1,0,1,1,1,0,5,3,0,0
476,728334.00,83047.00,645287.00,2,3,1,3,6,0,1,1,1,1,0,0,0,2,2,0,1
477,765711.00,155346.00,610365.00,2,4,1,3,9,0,1,1,0,1,1,1,0,4,0,0,0
478,768742.00,230536.00,538206.00,2,5,0,0,6,0,1,0,1,0,0,0,1,5,1,0,0
479,655324.00,134446.00,520878.00,2,4,1,0,6,0,1,0,0,0,1,0,1,4,0,0,0
480,653234.00,63348.00,589886.00,2,4,0,2,5,0,0,0,1,0,1,0,1,3,2,0,0
481,684343.00,38304.00,646039.00,2,1,0,2,9,0,1,1,0,0,1,0,1,4,0,1,0
482,664218.00,65317.00,598901.00,1,2,0,1,8,0,1,0,0,0,1,0,0,1,0,0,0
483,796823.00,528647.00,268176.00,2,10,1,3,8,0,1,0,1,1,0,1,1,5,2,0,0
484,803763.00,317786.00,485977.00,2,1,0,1,4,0,1,0,1,0,0,1,0,2,1,0,0
485,892648.00,25101.00,867547.00,2,1,0,4,10,0,1,0,1,0,0,0,0,2,2,0,0
486,796843.00,278443.00,518400.00,2,2,0,8,0,1,1,0,0,1,1,0,0,4,3,0,0
487,832092.00,65973.00,766119.00,2,2,0,0,9,0,1,1,1,0,0,1,0,1,3,0,0
488,828140.00,53578.00,774562.00,1,3,1,4,10,0,0,1,0,0,0,0,1,2,3,0,1
489,838607.00,213688.00,624919.00,2,2,0,0,0,1,1,0,1,0,0,0,0,4,1,0,1
490,839953.00,551660.00,288293.00,3,10,1,3,6,0,1,0,1,0,0,1,1,2,1,0,0
491,731978.00,187443.00,544535.00,2,4,0,0,1,0,1,0,1,0,1,1,0,1,1,0,0
492,679155.00,256377.00,422778.00,2,3,0,3,8,0,1,1,1,0,0,1,1,1,2,0,0
493,751002.00,82495.00,668507.00,3,2,0,4,8,0,1,1,0,0,1,1,1,1,2,1,1
494,793221.00,43630.00,749591.00,3,1,0,1,9,0,1,1,1,1,1,1,0,2,3,0,0
495,844840.00,292923.00,551917.00,2,2,0,2,9,0,1,0,0,0,1,0,0,4,2,0,0
496,797909.00,176766.00,621143.00,2,2,0,0,2,0,1,0,0,0,1,0,1,3,3,1,0
497,858332.00,224679.00,633653.00,3,6,1,2,6,0,1,0,1,0,0,0,0,3,3,0,0
498,698315.00,150972.00,547343.00,1,3,1,0,10,0,0,1,1,0,0,1,0,1,1,1,0
499,796503.00,282081.00,514422.00,3,7,0,1,8,0,1,1,1,1,1,0,0,3,1,0,1
500,809084.00,346865.00,462219.00,2,5,1,3,3,0,1,1,1,0,1,0,0,2,1,0,1
501,744880.00,60044.00,684836.00,3,3,0,2,2,0,1,1,0,1,1,0,0,2,2,0,0
502,773804.00,273900.00,499904.00,2,7,1,1,6,0,1,1,1,1,0,1,1,5,0,0,0
503,867105.00,97167.00,769938.00,2,3,0,2,1,0,1,0,0,1,1,1,1,2,1,0,0
504,605933.00,50297.00,555636.00,2,2,0,2,0,1,0,0,0,0,0,0,1,4,2,0,0
505,701598.00,37297.00,664301.00,1,3,0,1,2,0,1,0,0,1,1,0,0,1,1,0,0
506,808570.00,257651.00,550919.00,1,4,0,3,3,0,1,1,0,1,0,0,1,0,0,0,0
507,691281.00,287210.00,404071.00,1,2,1,0,3,0,1,1,1,1,0,0,0,5,2,0,0
508,665182.00,202308.00,462874.00,3,4,1,2,4,0,1,1,0,0,1,1,0,4,2,0,1
509,690661.00,286175.00,404486.00,2,3,1,3,10,0,1,0,1,1,0,0,1,5,0,0,0
510,632196.00,567798.00,64398.00,2,5,0,1,8,0,1,1,1,0,0,0,1,3,0,0,0
511,694102.00,179271.00,514831.00,2,4,0,1,9,0,1,0,0,0,0,0,0,3,0,0,0
512,703417.00,343450.00,359967.00,3,2,0,2,5,0,1,0,0,1,1,0,0,2,0,0,0
513,788214.00,345445.00,442769.00,2,2,0,2,1,0,1,0,1,1,0,0,0,1,2,0,0
514,619366.00,120298.00,499068.00,2,1,0,0,9,0,1,0,0,0,0,0,1,1,3,0,0
515,875409.00,290479.00,584930.00,2,4,1,3,4,0,0,0,1,1,1,1,0,2,0,0,1
516,767318.00,285269.00,482049.00,3,2,0,0,8,0,1,1,1,1,1,0,1,2,0,0,0
517,899748.00,328712.00,571036.00,3,6,1,4,4,0,1,1,0,0,1,1,1,0,3,0,0
518,883269.00,325615.00,557654.00,1,2,0,0,8,0,1,0,0,0,1,0,1,0,1,0,0
519,789932.00,94637.00,695295.00,2,2,0,3,1,0,1,1,0,0,0,0,0,1,2,0,0
520,640198.00,319695.00,320503.00,2,4,0,1,2,0,1,0,0,1,0,0,0,1,2,0,1
521,856942.00,245473.00,611469.00,3,5,0,2,7,0,1,0,0,0,0,0,1,2,2,0,0
522,670320.00,120538.00,549782.00,2,2,0,2,6,0,1,0,0,1,1,1,1,2,0,0,0
523,839564.00,244362.00,595202.00,2,6,1,0,1,0,1,0,1,0,1,0,0,1,2,0,1
524,846864.00,240367.00,606497.00,3,3,1,0,4,0,1,1,0,0,0,0,0,2,2,1,0
525,603528.00,269889.00,333639.00,3,5,0,0,8,0,1,0,0,0,0,0,1,2,1,0,1
526,685220.00,201378.00,483842.00,2,5,1,2,7,0,1,0,1,0,1,0,1,0,0,0,0
527,897588.00,343867.00,553721.00,2,3,1,4,1,0,1,1,0,0,1,0,1,5,2,0,0
528,647640.00,73975.00,573665.00,3,1,0,1,10,0,1,0,1,0,1,0,0,0,0,0,0
529,660827.00,69276.00,591551.00,2,2,0,0,7,0,1,1,1,0,0,1,1,4,0,0,0
530,751421.00,288073.00,463348.00,2,4,0,0,0,1,1,0,1,0,1,0,1,4,2,0,0
531,722485.00,118695.00,603790.00,2,2,0,0,1,0,1,1,0,0,1,0,1,2,3,0,1
532,630744.00,157800.00,472944.00,2,1,0,5,0,1,1,0,0,0,0,1,0,2,1,0,0
533,631096.00,343447.00,287649.00,1,3,0,2,4,0,1,1,1,0,1,1,1,4,3,0,0
534,847556.00,90354.00,757202.00,2,2,0,4,4,0,1,1,0,1,0,0,0,3,1,0,1
535,891077.00,236934.00,654143.00,2,2,0,3,2,0,1,1,0,0,1,0,1,2,0,0,0
536,639745.00,301012.00,338733.00,3,3,1,1,6,0,1,0,1,1,0,0,1,3,2,0,0
537,748689.00,109597.00,639092.00,3,3,0,3,3,0,1,1,1,1,1,0,0,5,2,1,0
538,855181.00,139546.00,715635.00,1,2,0,4,1,0,1,1,1,1,0,0,1,5,0,0,0
539,787312.00,251716.00,535596.00,2,4,0,3,5,0,1,1,1,1,1,0,0,5,1,1,1
540,809923.00,81998.00,727925.00,2,1,0,1,3,0,1,1,1,1,0,1,0,4,1,0,1
541,825255.00,270633.00,554622.00,2,5,0,5,2,0,0,1,0,1,0,0,0,3,0,0,0
542,707390.00,67741.00,639649.00,3,5,1,0,7,0,1,0,0,1,0,1,1,1,3,0,0
543,823947.00,282078.00,541869.00,3,2,0,0,10,0,1,1,0,0,1,1,1,1,1,0,1
544,833686.00,311905.00,521781.00,2,2,0,2,1,0,1,1,1,1,0,1,1,1,2,0,0
545,755793.00,27484.00,728309.00,3,3,0,1,10,0,1,0,1,1,1,1,1,1,2,0,0
546,741446.00,35072.00,706374.00,2,2,0,0,3,0,1,0,0,1,1,0,0,2,3,0,0
547,849617.00,228593.00,621024.00,1,5,0,0,8,0,1,0,0,1,1,0,0,2,1,0,0
548,631000.00,310821.00,320179.00,1,5,1,0,3,0,1,1,1,0,1,0,0,3,3,0,0
549,757386.00,38167.00,719219.00,3,3,0,4,5,0,1,0,0,0,1,1,1,0,3,0,0
550,631497.00,325559.00,305938.00,1,3,1,3,3,0,1,1,0,1,1,0,1,2,0,0,0
551,803515.00,56530.00,746985.00,2,4,0,1,2,0,1,1,0,0,1,1,1,0,1,1,1
552,765891.00,297586.00,468305.00,2,3,0,1,9,0,1,1,0,0,1,0,0,2,3,0,0
553,801781.00,238106.00,563675.00,3,4,1,2,7,0,1,0,1,0,0,1,1,2,1,0,0
554,609799.00,77528.00,532271.00,2,5,0,0,3,0,1,0,1,1,0,1,0,2,2,1,0
555,623900.00,247691.00,376209.00,2,4,0,0,2,0,1,1,1,0,0,1,1,1,0,0,0
556,624601.00,236945.00,387656.00,1,2,0,1,1,0,1,0,0,0,0,1,0,3,1,0,0
557,676697.00,42500.00,634197.00,1,3,0,1,3,0,1,1,0,0,0,0,0,0,2,0,0
558,676543.00,160932.00,515611.00,3,5,0,0,2,0,1,1,1,1,1,1,0,0,1,0,0
559,795090.00,147461.00,647629.00,1,1,0,1,6,0,1,1,1,1,1,0,1,2,3,0,0
560,754897.00,268889.00,486008.00,2,2,0,1,7,0,1,0,0,1,1,0,1,1,2,0,0
561,868889.00,152332.00,716557.00,3,1,0,2,9,0,1,1,1,0,1,0,1,3,2,0,0
562,649469.00,135962.00,513507.00,2,1,0,2,2,0,1,0,1,1,1,0,0,0,2,0,0
563,830377.00,116103.00,714274.00,3,4,1,2,5,0,0,1,0,0,0,0,0,3,0,0,0
564,759221.00,64379.00,694842.00,3,6,0,1,10,0,1,0,0,0,0,1,1,0,2,0,0
565,604418.00,230917.00,373501.00,2,3,0,3,3,0,1,1,1,0,0,0,0,3,2,0,1
566,714904.00,275265.00,439639.00,2,3,1,3,8,0,0,0,0,1,1,0,1,5,3,0,0
567,835499.00,257762.00,577737.00,1,1,0,1,10,0,0,1,1,0,1,0,1,5,0,0,0
568,637105.00,209278.00,427827.00,2,2,0,3,4,0,1,1,1,0,0,1,0,4,2,0,0
569,608503.00,257821.00,350682.00,3,2,0,0,1,0,1,1,1,0,0,1,1,2,2,0,0
570,611665.00,105698.00,505967.00,3,3,0,4,7,0,1,0,0,1,0,0,0,3,1,0,1
571,778806.00,197166.00,581640.00,1,2,0,0,7,0,1,1,0,0,1,1,1,1,3,0,0
572,884192.00,64240.00,819952.00,3,2,0,2,5,0,1,0,0,0,0,1,1,4,3,1,0
573,658483.00,226314.00,432169.00,3,2,0,1,0,1,1,1,1,1,0,0,1,2,3,0,0
574,808502.00,225003.00,583499.00,3,5,0,0,10,0,1,1,0,1,1,1,0,2,1,0,0
575,710198.00,277565.00,432633.00,2,5,1,1,1,0,0,0,0,0,1,0,0,2,0,0,0
576,876642.00,207532.00,669110.00,2,3,1,0,8,0,1,0,1,0,1,1,1,1,1,0,0
577,899101.00,154502.00,744599.00,1,3,0,0,7,0,1,0,1,1,1,1,0,2,2,0,1
578,624275.00,249010.00,375265.00,2,7,1,0,6,0,1,0,1,1,1,1,0,1,1,1,0
579,821211.00,264000.00,557211.00,1,5,0,0,7,0,0,1,1,1,0,1,1,5,0,0,0
580,800468.00,240213.00,560255.00,2,2,0,2,10,0,1,0,0,0,0,0,1,1,1,0,0
581,669238.00,228708.00,440530.00,3,3,0,0,10,0,1,1,1,0,0,1,0,3,2,0,0
582,688085.00,170977.00,517108.00,3,3,0,2,9,0,1,1,0,1,0,0,1,2,1,0,0
583,623276.00,153608.00,469668.00,1,1,0,1,2,0,1,1,1,0,0,1,0,3,1,0,0
584,725461.00,68897.00,656564.00,1,2,0,0,10,0,1,0,1,1,1,0,1,4,3,1,0
585,753623.00,340689.00,412934.00,2,3,0,3,7,0,1,1,1,1,1,0,0,4,2,0,0
586,643824.00,241439.00,402385.00,3,2,0,2,6,0,1,0,1,0,0,1,0,1,3,0,1
587,740244.00,94302.00,645942.00,2,3,0,5,1,0,1,0,0,0,1,0,0,5,2,0,0
588,672867.00,105350.00,567517.00,3,2,0,0,8,0,1,0,0,1,1,1,0,1,2,0,0
589,821746.00,292798.00,528948.00,2,4,1,4,0,1,0,1,1,0,1,1,1,5,1,0,1
590,870362.00,229540.00,640822.00,3,4,0,8,5,0,1,1,1,1,1,1,0,1,1,0,0
591,864650.00,319831.00,544819.00,3,3,1,3,3,0,1,0,1,1,0,0,0,2,1,1,0
592,784909.00,259511.00,525398.00,2,7,1,3,0,1,1,1,1,1,1,1,0,3,1,0,0
593,649332.00,27233.00,622099.00,3,1,0,2,1,0,1,0,1,0,1,0,1,5,2,0,0
594,814643.00,180115.00,634528.00,2,2,0,0,10,0,1,0,1,1,1,0,0,1,2,0,0
595,815027.00,197904.00,617123.00,2,9,0,3,3,0,1,0,1,0,0,0,1,4,0,0,0
596,772465.00,303131.00,469334.00,2,4,0,0,0,1,1,0,0,0,0,1,1,0,0,0,0
597,635202.00,212145.00,423057.00,2,2,0,0,1,0,1,0,0,0,0,1,0,5,2,1,0
598,820416.00,234972.00,585444.00,2,6,0,3,3,0,1,0,1,0,1,0,0,3,2,0,0
599,653728.00,598834.00,54894.00,1,8,0,2,2,0,1,0,1,1,1,0,0,0,3,0,0
600,894869.00,270131.00,624738.00,2,2,0,5,1,0,1,0,1,1,0,1,1,2,1,0,1
601,628188.00,238433.00,389755.00,2,7,1,0,9,0,1,1,1,0,0,0,0,5,3,0,0
602,880141.00,66677.00,813464.00,3,6,0,3,1,0,1,0,0,1,0,0,1,5,1,1,0
603,681231.00,174850.00,506381.00,3,4,0,0,1,0,1,1,0,1,1,1,0,0,3,0,0
604,812810.00,86924.00,725886.00,3,2,0,1,1,0,1,0,0,0,1,0,0,1,1,0,0
605,865037.00,46784.00,818253.00,2,1,0,0,0,1,1,1,0,0,1,0,0,2,3,0,0
606,741830.00,203879.00,537951.00,2,4,0,0,4,0,1,0,1,1,1,0,0,0,3,0,0
607,613874.00,70081.00,543793.00,1,4,1,0,10,0,1,1,1,0,0,1,0,3,0,0,0
608,851700.00,316439.00,535261.00,2,1,0,0,4,0,0,0,0,1,0,0,1,0,0,1,0
609,790801.00,89615.00,701186.00,3,5,1,1,10,0,1,1,0,1,0,1,1,5,2,0,0
610,766132.00,208644.00,557488.00,2,3,1,5,2,0,1,1,0,0,0,1,0,0,1,0,0
611,777223.00,83000.00,694223.00,2,1,0,3,5,0,1,0,1,0,1,0,0,4,2,0,0
612,718619.00,28276.00,690343.00,2,3,1,5,10,0,1,0,0,0,0,0,1,2,3,0,0
613,688229.00,112340.00,575889.00,3,6,0,2,7,0,1,0,0,1,0,1,1,2,0,0,0
614,751938.00,248553.00,503385.00,2,3,1,0,0,1,1,0,0,1,1,0,0,3,0,0,0
615,806933.00,151965.00,654968.00,3,5,0,1,9,0,1,0,1,0,1,1,1,4,0,0,0
616,731120.00,349480.00,381640.00,2,5,0,3,0,1,0,0,0,0,1,0,0,5,1,0,0
617,782003.00,212611.00,569392.00,3,5,1,0,2,0,1,1,0,0,1,0,1,0,0,0,0
618,631110.00,189319.00,441791.00,2,3,1,1,6,0,1,0,1,0,1,0,1,4,0,0,0
619,743059.00,200411.00,542648.00,2,3,1,0,10,0,1,1,0,0,0,0,1,1,0,0,0
620,840642.00,230686.00,609956.00,2,5,0,1,2,0,1,1,0,1,0,0,1,4,3,0,1
621,607400.00,304956.00,302444.00,2,1,0,1,3,0,1,0,0,1,0,0,1,3,0,0,0
622,874611.00,67518.00,807093.00,2,4,1,0,6,0,1,1,1,1,0,1,1,5,2,0,0
623,732129.00,236122.00,496007.00,3,2,0,2,1,0,1,0,1,0,1,0,1,1,0,0,0
624,667211.00,180993.00,486218.00,2,3,0,2,7,0,1,1,1,1,0,0,1,4,2,0,0
625,641091.00,81536.00,559555.00,3,3,0,3,6,0,1,1,1,0,0,0,0,0,1,0,0
626,853418.00,312599.00,540819.00,2,2,0,2,9,0,1,1,0,1,1,0,0,1,0,1,0
627,614121.00,173990.00,440131.00,1,1,0,0,7,0,0,1,0,1,0,0,1,5,0,0,1
628,605348.00,331764.00,273584.00,3,1,0,2,0,1,1,1,0,1,0,1,0,4,2,0,1
629,884213.00,342607.00,541606.00,3,2,0,1,2,0,1,0,1,0,1,0,0,4,1,0,0
630,858029.00,172739.00,685290.00,2,3,0,0,10,0,1,0,0,1,0,0,0,5,3,0,0
631,868652.00,143624.00,725028.00,3,4,1,5,1,0,0,0,0,0,1,0,1,3,2,0,0
632,613721.00,59697.00,554024.00,3,2,0,0,8,0,1,1,0,1,0,1,0,5,0,0,1
633,664775.00,122589.00,542186.00,3,8,0,0,4,0,1,0,0,0,1,0,1,0,1,0,1
634,700213.00,85257.00,614956.00,2,2,0,0,4,0,1,1,1,0,0,1,1,3,1,0,0
635,826206.00,252193.00,574013.00,3,2,0,5,5,0,1,0,1,1,0,1,0,0,0,1,1
636,663137.00,182952.00,480185.00,3,3,0,0,7,0,1,0,0,0,0,0,1,3,2,0,0
637,687633.00,309618.00,378015.00,3,2,0,2,6,0,1,1,0,1,0,1,1,0,2,0,0
638,699834.00,269212.00,430622.00,2,2,0,1,6,0,1,0,0,0,0,0,1,2,3,0,0
639,616188.00,38925.00,577263.00,2,8,0,1,2,0,1,0,0,1,0,0,0,2,0,0,0
640,688823.00,140792.00,548031.00,1,6,1,2,6,0,1,0,1,1,0,1,0,3,0,0,0
641,705894.00,72800.00,633094.00,2,6,1,8,10,0,0,1,0,1,0,1,0,5,3,1,0
642,798170.00,80584.00,717586.00,2,6,1,2,1,0,1,0,1,0,1,0,0,4,2,0,1
643,723839.00,230755.00,493084.00,2,3,0,4,5,0,1,0,1,0,1,0,1,4,3,0,0
644,773700.00,177203.00,596497.00,2,3,0,1,2,0,1,1,1,1,1,1,1,1,2,0,0
645,817610.00,322440.00,495170.00,3,2,0,2,10,0,1,1,0,0,0,1,1,1,2,1,1
646,737099.00,33900.00,703199.00,3,6,1,2,1,0,1,0,1,0,0,0,0,3,3,0,0
647,762736.00,213699.00,549037.00,2,4,1,1,4,0,1,1,1,1,0,1,0,1,1,1,0
648,679524.00,297229.00,382295.00,2,4,1,0,10,0,1,1,0,0,0,1,1,4,3,0,0
649,605934.00,83920.00,522014.00,2,6,1,3,10,0,1,0,1,0,1,1,0,2,3,0,0
650,800822.00,283441.00,517381.00,2,1,0,0,9,0,1,1,0,1,1,1,0,3,1,0,1
651,738652.00,271718.00,466934.00,2,2,0,2,3,0,1,0,1,0,0,1,0,1,0,0,0
652,742251.00,276280.00,465971.00,1,3,0,2,4,0,0,1,0,0,1,0,0,0,3,0,0
653,639699.00,166014.00,473685.00,1,3,0,0,6,0,1,0,0,0,1,0,0,1,3,1,1
654,833534.00,147266.00,686268.00,3,5,1,2,4,0,1,1,0,1,1,1,0,0,0,0,0
655,683965.00,263925.00,420040.00,1,2,0,1,9,0,1,0,0,1,1,0,1,3,0,0,1
656,656875.00,177526.00,479349.00,3,5,1,3,0,1,1,0,0,1,0,1,0,0,1,0,1
657,834409.00,98900.00,735509.00,1,4,1,0,7,0,1,0,0,1,0,1,0,5,0,0,0
658,822482.00,123109.00,699373.00,2,5,1,1,1,0,1,0,0,1,1,0,0,2,2,0,0
659,879569.00,37250.00,842319.00,1,8,1,2,4,0,1,1,1,1,1,0,1,1,0,0,0
660,695268.00,120594.00,574674.00,2,5,1,2,9,0,1,1,0,0,1,1,0,4,1,0,0
661,641201.00,156285.00,484916.00,1,3,1,1,5,0,1,0,1,0,1,1,0,2,2,0,0
662,671344.00,211830.00,459514.00,2,3,0,0,4,0,1,1,0,0,1,1,0,1,2,0,0
663,653452.00,154879.00,498573.00,3,7,0,0,3,0,1,0,1,1,0,0,1,1,2,0,1
664,828161.00,146161.00,682000.00,3,2,0,1,2,0,1,1,1,0,0,1,1,2,3,0,0
665,683126.00,259637.00,423489.00,3,3,0,2,5,0,0,1,0,0,1,1,1,1,1,0,0
666,883650.00,281516.00,602134.00,3,1,0,0,6,0,1,0,1,1,0,0,1,4,3,0,0
667,851637.00,136019.00,715618.00,2,3,0,0,9,0,1,0,1,0,0,0,0,0,0,0,0
668,659428.00,85735.00,573693.00,2,5,0,0,8,0,1,0,1,0,1,1,1,5,0,0,0
669,794337.00,340674.00,453663.00,2,3,0,3,3,0,1,0,1,1,0,1,1,5,3,0,1
670,830176.00,348520.00,481656.00,1,2,0,0,9,0,1,0,1,1,1,0,1,2,3,0,1
671,818053.00,224894.00,593159.00,2,4,0,1,9,0,1,0,1,0,0,0,0,5,2,0,0
672,627247.00,248843.00,378404.00,3,6,1,4,9,0,1,1,0,1,1,1,0,2,3,0,1
673,738420.00,310950.00,427470.00,3,1,0,3,6,0,1,0,1,0,0,1,0,1,2,0,0
674,787841.00,270686.00,517155.00,3,4,1,1,4,0,1,0,0,1,1,0,0,5,2,0,0
675,895287.00,211118.00,684169.00,3,3,1,5,7,0,1,1,0,1,0,1,0,2,3,0,0
676,682409.00,306105.00,376304.00,2,5,0,8,9,0,0,1,1,0,1,0,0,0,1,0,0
677,887027.00,104590.00,782437.00,2,1,0,0,5,0,1,1,1,1,0,0,1,0,0,0,0
678,810548.00,342759.00,467789.00,1,3,0,2,9,0,1,0,1,0,0,0,1,2,1,0,0
679,767738.00,185017.00,582721.00,1,5,1,1,9,0,1,1,1,1,0,1,0,4,0,0,0
680,719259.00,276171.00,443088.00,3,2,0,1,9,0,1,1,1,0,1,0,1,1,2,0,0
681,829366.00,271952.00,557414.00,3,4,1,0,4,0,1,0,0,0,1,0,1,4,1,0,0
682,824747.00,154524.00,670223.00,3,2,0,1,7,0,1,0,0,1,0,0,0,3,3,0,1
683,712814.00,104800.00,608014.00,3,2,0,0,4,0,1,1,1,0,1,0,1,0,0,0,0
684,709220.00,292308.00,416912.00,2,3,1,4,2,0,1,1,1,0,0,0,0,0,3,0,0
685,656816.00,333289.00,323527.00,3,1,0,0,8,0,1,1,0,1,0,1,1,2,0,0,0
686,734225.00,43519.00,690706.00,2,3,0,1,3,0,1,1,1,0,0,1,1,1,1,0,0
687,704179.00,177941.00,526238.00,2,2,0,2,4,0,1,0,0,0,0,1,0,2,1,0,0
688,870736.00,180490.00,690246.00,2,3,0,1,10,0,1,1,1,1,0,1,1,5,2,0,1
689,625044.00,177280.00,447764.00,2,6,1,3,2,0,1,0,0,1,1,0,0,0,3,0,0
690,769654.00,246263.00,523391.00,2,7,0,0,8,0,1,0,1,0,1,0,1,0,0,0,0
691,823884.00,216525.00,607359.00,2,4,1,0,2,0,0,0,0,0,0,0,1,2,3,0,1
692,702750.00,225228.00,477522.00,3,3,0,3,4,0,1,0,1,1,1,1,0,1,3,0,0
693,638482.00,284640.00,353842.00,2,4,1,2,8,0,1,1,0,1,0,0,0,0,0,0,1
694,628918.00,249820.00,379098.00,2,5,1,3,7,0,1,1,1,1,0,1,0,4,1,0,0
695,787369.00,215856.00,571513.00,2,2,0,2,9,0,0,0,1,1,0,1,0,4,1,0,0
696,811477.00,181975.00,629502.00,3,1,0,0,1,0,1,0,0,1,1,1,0,5,1,0,0
697,828884.00,346868.00,482016.00,3,5,0,1,7,0,1,0,0,1,0,0,0,1,1,0,0
698,724046.00,169184.00,554862.00,2,3,0,2,3,0,1,0,1,0,0,0,1,5,3,0,1
699,866855.00,177070.00,689785.00,2,7,1,1,10,0,1,0,1,1,1,1,1,4,2,0,0
700,672190.00,215932.00,456258.00,2,3,0,2,4,0,1,1,0,0,1,0,0,0,1,0,0
701,810887.00,559634.00,251253.00,3,8,1,5,3,0,1,0,1,1,0,0,0,3,0,0,0
702,879767.00,150384.00,729383.00,2,3,1,0,7,0,0,0,0,0,1,0,0,0,3,0,0
703,714596.00,248079.00,466517.00,2,4,0,1,7,0,1,0,0,1,1,1,0,3,2,0,1
704,789217.00,306205.00,483012.00,2,1,0,0,1,0,1,0,1,0,0,0,0,2,2,0,0
705,893154.00,149191.00,743963.00,1,2,0,5,5,0,0,0,0,0,1,0,1,5,2,0,0
706,817310.00,49461.00,767849.00,2,3,1,3,3,0,1,0,1,0,0,1,1,4,1,0,1
707,837718.00,242718.00,595000.00,2,2,0,3,10,0,1,0,0,1,0,1,0,4,3,0,0
708,648002.00,76815.00,571187.00,3,2,0,3,0,1,1,0,0,0,0,0,1,5,3,0,0
709,803604.00,113680.00,689924.00,2,5,0,0,6,0,1,0,1,0,0,1,0,4,2,0,0
710,604990.00,138438.00,466552.00,2,5,0,3,0,1,1,0,0,1,0,1,0,3,0,0,0
711,761055.00,265597.00,495458.00,3,5,1,0,1,0,1,1,0,1,1,1,0,3,0,0,0
712,693314.00,151796.00,541518.00,2,2,0,1,1,0,1,0,1,1,0,1,0,0,3,0,0
713,651624.00,129201.00,522423.00,3,1,0,1,1,0,1,0,1,1,1,0,0,0,1,0,1
714,764455.00,191216.00,573239.00,3,5,1,2,8,0,1,1,0,1,1,0,0,3,0,0,1
715,833451.00,144754.00,688697.00,2,4,1,2,3,0,1,0,1,0,0,1,0,5,2,0,0
716,717124.00,280659.00,436465.00,3,3,1,1,7,0,1,0,0,1,0,0,1,3,1,0,0
717,698885.00,308021.00,390864.00,2,1,0,8,8,0,1,1,0,1,0,0,1,0,1,0,0
718,688171.00,54862.00,633309.00,2,2,0,3,0,1,1,0,1,0,1,1,0,1,1,0,1
719,786385.00,255913.00,530472.00,2,3,0,0,2,0,1,0,0,1,1,1,1,3,0,1,0
720,898625.00,92860.00,805765.00,2,8,0,1,4,0,1,0,0,1,1,1,1,2,3,0,0
721,743466.00,103365.00,640101.00,2,6,0,2,2,0,1,0,0,0,1,1,0,2,0,0,0
722,649798.00,215135.00,434663.00,3,1,0,1,9,0,1,1,1,1,0,1,1,5,1,0,1
723,641581.00,285810.00,355771.00,2,2,0,4,0,1,1,0,0,1,0,1,1,2,3,0,0
724,707058.00,315493.00,391565.00,2,3,0,0,3,0,1,0,0,0,1,0,1,5,0,0,0
725,639505.00,256826.00,382679.00,1,2,0,1,3,0,0,1,1,0,0,1,1,5,0,0,1
726,874555.00,219177.00,655378.00,2,3,0,0,5,0,1,0,1,0,0,0,1,3,0,0,0
727,686456.00,227809.00,458647.00,1,5,0,1,7,0,1,1,1,1,0,1,0,1,2,0,0
728,855733.00,327319.00,528414.00,2,3,1,1,6,0,1,0,1,0,1,0,0,3,2,0,0
729,676424.00,205515.00,470909.00,3,1,0,1,8,0,1,0,1,1,1,1,1,0,2,0,0
730,781493.00,348255.00,433238.00,1,1,0,1,5,0,0,1,0,0,1,1,1,4,2,0,0
731,892754.00,180770.00,711984.00,3,4,0,3,8,0,1,0,0,1,1,0,1,4,0,0,0
732,682533.00,149442.00,533091.00,2,2,0,1,8,0,1,1,1,0,0,0,0,0,1,0,1
733,828020.00,181782.00,646238.00,3,3,0,1,8,0,1,0,1,0,1,0,0,5,0,1,0
734,813807.00,339081.00,474726.00,2,4,1,2,3,0,1,0,1,0,0,0,0,0,1,0,0
735,744676.00,281914.00,462762.00,2,3,0,1,9,0,1,0,0,0,1,1,1,4,2,0,0
736,828709.00,113372.00,715337.00,3,1,0,4,3,0,1,0,0,0,0,1,0,0,1,1,1
737,652309.00,248446.00,403863.00,1,2,0,5,2,0,1,1,1,1,0,1,0,5,1,0,0
738,636870.00,158746.00,478124.00,1,2,0,1,10,0,1,0,1,1,0,1,0,0,0,0,0
739,668101.00,171281.00,496820.00,2,4,0,2,1,0,1,0,1,1,0,1,1,5,1,0,0
740,793401.00,200951.00,592450.00,3,3,0,8,9,0,1,1,1,0,0,1,1,3,0,0,1
741,878009.00,92249.00,785760.00,2,2,0,4,6,0,1,1,1,1,0,1,0,3,3,0,0
742,606651.00,245517.00,361134.00,3,1,0,1,8,0,1,0,1,0,1,1,0,1,0,0,0
743,712123.00,134200.00,577923.00,2,1,0,3,7,0,1,1,1,1,1,0,0,5,1,0,0
744,856568.00,267654.00,588914.00,2,3,0,3,1,0,1,1,0,0,1,1,1,3,2,0,0
745,752867.00,322456.00,430411.00,3,2,0,0,8,0,1,1,1,0,1,0,1,2,0,0,0
746,893476.00,185815.00,707661.00,3,6,1,1,1,0,1,0,0,0,0,0,1,5,1,0,1
747,628225.00,174085.00,454140.00,3,3,1,3,6,0,1,1,0,0,0,0,0,1,2,0,0
748,887450.00,166057.00,721393.00,2,3,0,1,1,0,1,1,1,1,1,0,1,1,3,0,0
749,852827.00,315294.00,537533.00,1,4,1,0,5,0,1,0,0,1,1,1,0,2,3,0,0
750,687798.00,306484.00,381314.00,2,2,0,2,0,1,1,1,1,0,0,0,0,0,1,1,0
751,720807.00,180794.00,540013.00,1,2,0,1,8,0,1,0,0,1,0,0,1,4,0,1,1
752,689600.00,54847.00,634753.00,3,5,0,4,10,0,1,0,1,1,1,1,0,1,2,0,0
753,759057.00,108266.00,650791.00,3,4,1,2,6,0,1,1,1,0,0,0,1,2,3,0,0
754,615746.00,296052.00,319694.00,2,3,0,0,6,0,0,1,1,1,0,1,0,4,2,0,0
755,705555.00,29709.00,675846.00,2,3,1,0,9,0,1,0,0,0,1,0,0,1,3,0,1
756,676796.00,60617.00,616179.00,2,5,0,0,0,1,1,1,1,0,0,0,1,5,3,0,0
757,702427.00,281164.00,421263.00,2,1,0,1,6,0,1,0,1,1,0,1,0,1,0,0,1
758,652598.00,104078.00,548520.00,2,2,0,3,1,0,1,1,1,1,1,0,1,4,2,0,1
759,609350.00,98721.00,510629.00,2,6,1,0,7,0,1,1,0,0,0,1,0,5,1,0,0
760,626742.00,154813.00,471929.00,2,2,0,0,7,0,1,1,1,0,0,1,1,5,3,0,1
761,651800.00,313011.00,338789.00,3,3,1,1,7,0,1,1,1,0,1,0,0,4,1,0,1
762,642246.00,53830.00,588416.00,3,3,0,0,4,0,1,1,0,1,0,0,0,4,3,0,0
763,676921.00,249242.00,427679.00,3,5,0,4,4,0,1,0,0,1,1,0,1,5,3,0,0
764,721530.00,91651.00,629879.00,1,4,0,1,2,0,1,0,1,1,0,0,1,0,2,0,1
765,883794.00,151036.00,732758.00,3,1,0,3,8,0,0,0,0,0,0,1,0,5,3,0,0
766,609832.00,215466.00,394366.00,2,3,0,1,4,0,1,1,0,1,1,0,1,4,3,1,0
767,615385.00,158476.00,456909.00,3,5,1,1,1,0,1,0,0,1,0,1,0,4,2,0,0
768,855170.00,74499.00,780671.00,2,7,1,2,6,0,1,0,0,0,1,1,1,3,1,0,0
769,717235.00,294247.00,422988.00,2,2,0,1,8,0,1,1,0,0,0,0,0,0,0,0,0
770,893371.00,299615.00,593756.00,3,3,1,0,6,0,1,1,1,0,1,0,0,3,3,0,1
771,608106.00,88217.00,519889.00,2,3,0,2,0,1,1,0,0,1,0,1,0,4,0,1,0
772,669293.00,278210.00,391083.00,2,3,1,3,5,0,1,1,0,0,1,0,0,0,3,0,0
773,725532.00,205081.00,520451.00,2,1,0,1,9,0,1,1,0,0,0,1,1,5,1,0,0
774,618070.00,319787.00,298283.00,2,5,1,3,10,0,1,1,1,0,1,1,1,5,3,0,0
775,763966.00,105530.00,658436.00,3,3,0,1,3,0,1,0,0,0,1,0,1,2,0,0,1
776,868269.00,228180.00,640089.00,1,9,0,2,1,0,1,0,0,1,1,0,1,2,1,0,1
777,854532.00,318166.00,536366.00,2,1,0,0,6,0,1,0,0,1,0,0,0,4,3,0,1
778,694456.00,336255.00,358201.00,2,2,0,4,4,0,1,0,1,1,0,0,0,5,3,1,0
779,637188.00,32852.00,604336.00,2,2,0,1,2,0,1,1,1,0,0,0,1,3,0,0,0
780,864446.00,173424.00,691022.00,2,6,1,2,0,1,1,0,0,0,1,0,0,5,2,0,0
781,772167.00,140183.00,631984.00,2,8,0,2,2,0,1,0,1,1,1,1,0,4,0,0,0
782,738011.00,259190.00,478821.00,1,4,0,0,5,0,1,1,1,0,0,1,0,1,1,0,0
783,856288.00,299170.00,557118.00,2,6,0,3,7,0,1,0,0,1,1,1,1,4,3,0,0
784,613179.00,140804.00,472375.00,2,8,0,1,1,0,1,1,0,1,0,1,1,3,0,0,1
785,859306.00,79451.00,779855.00,3,3,1,2,10,0,1,0,1,1,0,0,0,0,2,0,0
786,784213.00,154627.00,629586.00,3,5,0,2,6,0,1,0,1,1,1,1,1,1,2,0,1
787,838470.00,265144.00,573326.00,3,8,0,3,6,0,1,1,1,0,1,1,0,2,0,0,0
788,615514.00,95661.00,519853.00,2,6,0,3,7,0,1,1,1,1,1,0,0,3,1,0,0
789,718689.00,182862.00,535827.00,2,3,0,5,6,0,1,0,0,0,1,1,1,5,3,1,0
790,708229.00,38480.00,669749.00,2,1,0,2,0,1,1,1,0,1,1,0,0,5,2,0,0
791,638027.00,128292.00,509735.00,3,3,0,0,1,0,0,1,1,1,0,0,0,5,1,0,0
792,894057.00,235485.00,658572.00,3,1,0,5,8,0,1,1,1,0,0,1,1,2,2,0,0
793,830694.00,141480.00,689214.00,2,6,1,1,3,0,1,0,0,0,1,1,1,3,2,0,0
794,653391.00,311230.00,342161.00,1,6,0,3,0,1,1,0,1,0,1,1,1,4,3,0,0
795,783785.00,79575.00,704210.00,1,3,1,1,6,0,1,0,1,0,1,1,0,3,1,0,0
796,884573.00,157926.00,726647.00,3,3,0,3,0,1,1,0,0,0,1,1,1,3,1,0,1
797,820913.00,154231.00,666682.00,1,2,0,2,8,0,1,0,0,0,0,0,0,1,2,0,0
798,726753.00,29106.00,697647.00,3,3,1,4,0,1,1,1,1,1,0,1,0,5,2,0,0
799,701570.00,180031.00,521539.00,3,3,0,1,3,0,1,1,1,1,0,1,0,4,1,0,1
800,632242.00,122423.00,509819.00,2,5,1,0,5,0,1,1,1,1,1,1,0,5,1,0,0
801,625114.00,36798.00,588316.00,3,3,0,0,1,0,1,0,1,1,1,0,1,0,0,0,0
802,833622.00,276547.00,557075.00,2,6,0,0,5,0,1,1,1,1,0,1,0,2,2,0,0
803,892990.00,55443.00,837547.00,2,2,0,4,3,0,1,1,1,0,0,0,0,5,1,0,1
804,637244.00,290933.00,346311.00,3,3,1,0,3,0,1,0,0,0,1,1,0,0,0,0,0
805,642161.00,180047.00,462114.00,2,1,0,4,9,0,1,0,1,1,1,0,1,4,3,0,0
806,695892.00,124452.00,571440.00,2,4,0,4,6,0,1,1,1,0,0,1,0,1,1,0,0
807,851453.00,493341.00,358112.00,2,4,0,2,7,0,1,0,1,1,0,0,1,1,2,0,1
808,659511.00,37790.00,621721.00,2,4,1,2,4,0,0,0,1,1,0,0,1,0,1,0,0
809,654783.00,174069.00,480714.00,2,4,1,1,1,0,1,1,1,0,1,1,1,4,0,0,0
810,631339.00,54323.00,577016.00,1,4,1,5,8,0,1,1,0,0,0,1,1,4,0,0,0
811,840424.00,95055.00,745369.00,2,2,0,2,8,0,1,0,1,0,1,0,0,3,2,0,0
812,766982.00,311503.00,455479.00,3,3,0,0,9,0,1,1,1,1,0,1,1,5,0,0,0
813,771867.00,320166.00,451701.00,1,5,1,2,8,0,1,1,0,1,1,0,1,1,0,0,0
814,762737.00,249657.00,513080.00,3,5,0,3,3,0,1,1,0,0,1,0,1,4,2,0,0
815,837303.00,35934.00,801369.00,2,2,0,1,6,0,1,1,1,0,1,1,0,4,0,0,0
816,695565.00,137370.00,558195.00,2,5,0,1,0,1,1,1,0,0,1,0,0,0,0,0,0
817,704015.00,153939.00,550076.00,1,5,1,1,2,0,1,0,1,1,0,1,0,0,2,0,0
818,776715.00,203058.00,573657.00,2,3,0,0,1,0,1,0,0,0,0,0,0,4,0,1,0
819,859146.00,169299.00,689847.00,2,5,0,1,1,0,1,0,0,0,1,0,1,3,0,0,0
820,782316.00,144197.00,638119.00,2,3,1,2,10,0,1,1,0,0,1,0,0,0,2,0,0
821,626592.00,47979.00,578613.00,2,1,0,1,5,0,1,0,0,0,0,1,1,2,0,0,0
822,662754.00,160444.00,502310.00,2,4,1,1,5,0,1,0,0,0,0,0,0,3,3,0,0
823,633565.00,174174.00,459391.00,2,4,0,0,6,0,1,0,0,1,0,0,0,0,1,0,0
824,835937.00,230974.00,604963.00,3,4,0,0,5,0,1,1,0,0,0,0,0,4,2,1,0
825,711366.00,552497.00,158869.00,1,9,0,1,4,0,1,1,1,0,0,1,0,3,0,1,0
826,732515.00,347334.00,385181.00,1,4,1,2,3,0,1,0,0,0,0,0,1,0,0,0,0
827,759739.00,293343.00,466396.00,2,3,1,0,3,0,1,1,0,0,0,0,1,0,1,0,1
828,820723.00,60351.00,760372.00,3,5,1,4,10,0,1,0,1,1,0,1,1,0,0,0,0
829,819050.00,216653.00,602397.00,3,7,0,0,5,0,1,0,1,1,1,1,1,1,1,0,0
830,848898.00,121669.00,727229.00,2,1,0,2,4,0,1,0,0,1,0,0,0,3,1,0,1
831,820335.00,61830.00,758505.00,3,1,0,0,10,0,1,0,1,1,0,0,0,4,1,0,0
832,651498.00,349938.00,301560.00,2,3,0,2,9,0,1,0,0,1,1,1,1,4,2,0,0
833,640664.00,87291.00,553373.00,3,4,0,1,1,0,1,1,0,0,0,1,0,2,3,0,0
834,882824.00,247839.00,634985.00,2,4,1,2,10,0,1,1,0,0,0,1,1,3,0,1,0
835,855481.00,236467.00,619014.00,3,6,0,1,1,0,1,1,0,1,1,1,0,1,1,0,0
836,627796.00,229908.00,397888.00,3,4,0,0,8,0,1,0,1,0,1,1,0,1,2,0,0
837,655652.00,155204.00,500448.00,2,2,0,0,9,0,1,0,1,1,1,1,1,4,1,0,0
838,663657.00,237572.00,426085.00,2,3,0,1,10,0,1,1,0,0,1,1,0,3,1,0,0
839,694563.00,279803.00,414760.00,2,6,0,2,8,0,0,0,1,1,0,1,0,1,0,0,0
840,775722.00,346217.00,429505.00,1,5,1,1,2,0,1,0,0,1,1,1,0,4,1,0,1
841,838965.00,137075.00,701890.00,2,3,0,0,3,0,1,1,0,1,1,1,0,2,0,0,0
842,696524.00,105150.00,591374.00,3,2,0,3,2,0,1,0,1,1,0,0,1,1,1,0,0
843,660674.00,201281.00,459393.00,3,3,1,1,8,0,1,0,1,0,0,1,0,2,3,0,0
844,715403.00,262722.00,452681.00,2,4,0,0,4,0,1,1,0,0,1,0,0,0,0,0,0
845,898147.00,168779.00,729368.00,1,3,1,3,0,1,1,1,0,1,1,0,0,5,1,0,0
846,886468.00,186947.00,699521.00,2,6,0,3,1,0,1,0,1,1,1,1,1,1,3,0,0
847,815967.00,290210.00,525757.00,2,1,0,2,9,0,1,0,1,0,1,0,1,2,2,1,0
848,830878.00,52875.00,778003.00,2,5,1,1,1,0,1,0,0,0,0,1,0,1,3,1,1
849,754492.00,92735.00,661757.00,2,2,0,4,1,0,1,0,1,0,1,1,0,1,3,0,0
850,835487.00,103657.00,731830.00,3,1,0,0,2,0,1,0,1,1,1,1,1,2,1,0,0
851,603945.00,213834.00,390111.00,1,3,1,2,0,1,1,0,1,0,0,0,0,0,1,0,0
852,787463.00,147242.00,640221.00,3,5,0,1,2,0,1,0,0,1,1,0,0,3,3,0,0
853,699866.00,298656.00,401210.00,2,5,1,0,3,0,0,0,1,1,0,0,0,4,1,0,0
854,663900.00,222703.00,441197.00,1,6,1,1,10,0,1,0,0,0,0,0,0,0,2,0,0
855,866909.00,199454.00,667455.00,3,5,1,4,6,0,1,1,1,1,1,1,0,3,3,0,1
856,819340.00,316999.00,502341.00,3,4,1,1,6,0,1,0,1,0,1,0,0,4,0,0,0
857,862606.00,298083.00,564523.00,2,2,0,0,8,0,1,0,0,0,1,0,0,5,0,0,0
858,752373.00,258197.00,494176.00,2,2,0,1,4,0,1,1,1,0,0,1,0,4,0,0,0
859,673289.00,272367.00,400922.00,3,1,0,8,4,0,1,1,0,1,0,0,0,0,2,0,0
860,797070.00,175730.00,621340.00,2,4,0,0,2,0,1,1,1,1,1,1,0,0,2,0,0
861,802173.00,253816.00,548357.00,2,2,0,2,10,0,0,1,0,1,0,0,1,0,0,0,0
862,805060.00,151549.00,653511.00,1,1,0,2,9,0,1,1,0,0,1,0,0,2,1,0,0
863,880560.00,231161.00,649399.00,2,1,0,1,8,0,1,0,1,1,0,1,1,5,3,0,1
864,881166.00,97319.00,783847.00,2,4,1,1,8,0,1,1,0,1,0,1,1,4,1,0,1
865,722836.00,195468.00,527368.00,2,3,1,2,9,0,1,0,0,1,0,1,0,5,3,0,0
866,797979.00,82270.00,715709.00,2,2,0,1,10,0,1,0,1,0,0,1,0,0,0,0,0
867,784672.00,133710.00,650962.00,1,1,0,2,1,0,1,1,0,0,0,0,0,5,2,0,0
868,773581.00,126425.00,647156.00,3,1,0,1,9,0,0,0,1,1,1,0,0,1,1,1,1
869,851605.00,307136.00,544469.00,3,7,1,0,2,0,1,0,0,1,0,1,0,1,0,0,1
870,899603.00,240761.00,658842.00,2,1,0,5,5,0,1,1,1,1,0,0,0,2,2,0,1
871,766645.00,241107.00,525538.00,3,1,0,1,4,0,1,0,1,1,1,1,1,0,1,0,0
872,694133.00,175091.00,519042.00,2,3,1,1,6,0,1,0,0,0,1,1,0,4,1,0,0
873,865047.00,322383.00,542664.00,2,3,1,0,7,0,1,1,0,0,0,1,1,1,2,0,0
874,833036.00,277926.00,555110.00,1,3,1,0,8,0,1,0,0,1,0,1,1,1,1,0,1
875,840990.00,297591.00,543399.00,2,2,0,3,9,0,1,0,0,1,1,1,0,4,1,0,0
876,733383.00,329316.00,404067.00,2,2,0,1,10,0,1,0,1,1,1,1,1,2,1,0,0
877,673303.00,105525.00,567778.00,1,8,0,3,7,0,1,0,1,1,0,1,1,5,2,0,0
878,890807.00,280261.00,610546.00,3,2,0,8,0,1,1,0,0,1,1,0,0,0,2,0,0
879,639052.00,62522.00,576530.00,1,8,0,2,10,0,1,0,0,1,0,1,0,5,0,0,0
880,767388.00,57984.00,709404.00,2,4,0,1,10,0,1,0,0,1,0,1,0,2,2,0,0
881,677755.00,36519.00,641236.00,2,4,0,0,7,0,1,1,0,1,0,1,0,0,1,0,0
882,614401.00,278651.00,335750.00,2,2,0,2,1,0,1,1,0,1,1,0,0,0,1,0,1
883,623162.00,305333.00,317829.00,2,3,0,3,9,0,1,1,0,1,0,0,1,2,3,0,0
884,862980.00,173434.00,689546.00,2,3,1,1,5,0,1,1,1,0,1,1,0,2,0,0,0
885,711251.00,224570.00,486681.00,2,4,1,2,6,0,1,1,0,0,0,0,0,4,1,0,0
886,711109.00,259486.00,451623.00,3,3,0,1,8,0,1,0,0,0,1,0,1,3,2,0,0
887,624626.00,251392.00,373234.00,3,7,0,2,8,0,0,0,1,0,0,1,1,4,3,1,1
888,754898.00,588063.00,166835.00,2,2,0,0,1,0,1,1,1,0,1,1,1,2,3,0,0
889,746675.00,597959.00,148716.00,1,10,1,4,0,1,1,0,1,0,0,1,1,1,1,0,0
890,700554.00,182891.00,517663.00,2,1,0,1,10,0,1,1,0,1,0,0,0,2,3,0,0
891,630183.00,300736.00,329447.00,1,5,1,4,10,0,1,0,0,1,1,0,1,2,1,0,0
892,738088.00,594820.00,143268.00,2,3,1,1,5,0,1,1,0,1,0,0,1,3,1,0,0
893,820871.00,329500.00,491371.00,3,9,1,0,1,0,1,0,0,1,1,1,1,4,3,0,0
894,662536.00,349757.00,312779.00,3,7,1,1,10,0,1,0,1,0,0,1,0,2,0,0,0
895,707412.00,282641.00,424771.00,2,3,0,0,1,0,0,0,0,0,1,1,1,3,3,0,0
896,789864.00,46099.00,743765.00,3,9,1,2,4,0,1,1,1,1,0,0,0,5,3,0,1
897,766513.00,208432.00,558081.00,2,2,0,3,6,0,1,1,1,0,1,0,1,4,1,0,0
898,896311.00,97021.00,799290.00,3,2,0,1,2,0,1,0,0,1,1,1,1,3,1,0,1
899,859904.00,182097.00,677807.00,1,6,1,2,0,1,1,0,1,1,0,0,0,0,0,0,1
900,617417.00,165581.00,451836.00,3,3,1,0,8,0,1,1,1,0,0,0,1,4,1,0,0
901,874539.00,235551.00,638988.00,2,9,0,1,0,1,1,1,0,0,0,0,1,5,0,0,0
902,799446.00,239130.00,560316.00,2,4,0,0,1,0,1,1,0,0,0,1,0,5,2,0,0
903,637678.00,104327.00,533351.00,3,5,1,4,2,0,1,1,0,0,1,0,0,3,0,0,0
904,816270.00,250784.00,565486.00,1,5,1,3,4,0,1,0,0,0,0,1,0,2,0,0,0
905,724075.00,148858.00,575217.00,2,4,1,2,6,0,1,1,0,1,0,1,1,2,3,0,0
906,831696.00,62880.00,768816.00,3,2,0,0,3,0,1,0,1,0,1,1,1,2,2,1,0
907,897354.00,180665.00,716689.00,2,8,1,0,7,0,1,0,0,0,0,0,1,1,3,0,0
908,724785.00,185693.00,539092.00,3,8,1,3,0,1,1,0,0,1,0,0,1,4,2,0,1
909,715544.00,167032.00,548512.00,1,6,1,0,2,0,1,0,0,1,1,0,0,2,0,1,0
910,646005.00,222952.00,423053.00,2,2,0,1,7,0,1,1,0,1,1,1,0,1,0,0,0
911,609996.00,313221.00,296775.00,1,5,0,0,7,0,1,1,1,1,1,0,0,5,1,0,0
912,768744.00,182603.00,586141.00,3,7,0,0,10,0,1,1,0,0,0,1,0,2,2,0,0
913,825729.00,42587.00,783142.00,1,3,1,1,8,0,1,1,0,0,0,1,1,3,1,0,0
914,744890.00,251214.00,493676.00,1,3,0,5,8,0,1,1,0,0,1,1,0,4,1,0,0
915,852404.00,282010.00,570394.00,3,3,1,0,4,0,1,0,0,0,0,1,0,1,3,0,0
916,808258.00,85468.00,722790.00,1,5,0,5,4,0,1,0,0,1,0,0,0,5,1,0,0
917,671063.00,170668.00,500395.00,1,9,0,2,3,0,1,1,1,1,1,0,0,2,1,0,1
918,655825.00,34588.00,621237.00,1,8,1,2,1,0,1,0,1,0,1,1,0,4,2,0,0
919,789675.00,196406.00,593269.00,1,3,1,1,9,0,1,1,0,1,1,1,0,3,1,0,0
920,626899.00,143428.00,483471.00,3,7,0,0,10,0,1,0,1,0,1,1,1,0,1,0,0
921,817266.00,228045.00,589221.00,1,7,1,0,2,0,1,0,0,1,0,0,1,2,3,1,0
922,614152.00,208616.00,405536.00,2,5,0,1,2,0,1,0,0,1,0,1,1,0,3,0,1
923,663553.00,213069.00,450484.00,3,9,0,2,4,0,1,0,1,0,1,0,1,1,3,0,0
924,839991.00,177833.00,662158.00,1,7,0,0,9,0,1,1,1,0,0,0,0,2,2,0,0
925,609672.00,345031.00,264641.00,2,5,0,0,3,0,1,1,1,0,0,0,1,0,3,0,0
926,896172.00,257051.00,639121.00,2,6,0,3,6,0,1,0,1,1,0,0,0,4,1,0,0
927,841852.00,114772.00,727080.00,3,5,0,2,6,0,0,0,1,0,0,1,0,5,1,0,0
928,645330.00,169091.00,476239.00,1,8,1,3,5,0,1,1,0,0,0,1,1,1,1,0,0
929,619209.00,135714.00,483495.00,1,9,0,1,1,0,1,0,0,1,0,0,0,2,3,0,0
930,658681.00,251835.00,406846.00,1,7,0,2,6,0,1,0,0,0,0,0,1,1,1,0,0
931,759648.00,173871.00,585777.00,3,6,1,5,9,0,1,0,0,0,0,0,0,3,3,0,1
932,795423.00,230837.00,564586.00,2,3,0,3,5,0,1,1,0,0,0,1,0,0,3,0,0
933,703964.00,54124.00,649840.00,3,8,1,0,4,0,1,0,0,0,0,1,1,0,1,1,0
934,614185.00,187487.00,426698.00,2,7,1,0,3,0,1,0,1,1,1,0,0,4,3,1,0
935,692538.00,160533.00,532005.00,2,4,1,4,7,0,1,1,1,0,1,0,0,4,0,0,1
936,635428.00,243492.00,391936.00,3,8,0,8,4,0,1,1,0,0,0,0,0,5,0,0,0
937,675620.00,130663.00,544957.00,3,4,0,3,4,0,1,0,1,1,1,1,0,2,1,1,0
938,603288.00,59518.00,543770.00,3,2,0,3,4,0,1,0,0,1,0,1,0,0,0,0,1
939,846326.00,299195.00,547131.00,1,3,1,3,7,0,1,1,1,0,1,1,0,5,1,0,1
940,825510.00,312053.00,513457.00,1,2,0,0,4,0,1,0,1,0,0,0,0,0,1,0,0
941,833804.00,224456.00,609348.00,3,6,0,1,2,0,1,0,1,0,1,0,0,4,1,0,0
942,617513.00,82780.00,534733.00,2,2,0,3,1,0,1,0,1,0,1,0,1,1,1,0,0
943,825915.00,102155.00,723760.00,2,2,0,0,8,0,1,1,0,0,0,0,0,5,0,0,0
944,850205.00,94019.00,756186.00,2,7,0,0,5,0,0,1,1,1,0,1,1,3,0,0,0
945,789444.00,28035.00,761409.00,1,2,0,4,9,0,1,0,1,1,0,1,0,2,3,0,0
946,876852.00,317760.00,559092.00,3,10,0,3,2,0,1,1,0,0,0,1,0,0,3,0,0
947,858981.00,166665.00,692316.00,1,4,0,0,10,0,1,1,1,0,1,1,0,2,3,0,0
948,810665.00,262775.00,547890.00,1,9,1,1,9,0,1,0,1,1,1,1,0,5,1,0,0
949,740777.00,231131.00,509646.00,1,1,0,0,6,0,1,1,0,1,1,1,1,5,0,0,1
950,876795.00,195694.00,681101.00,3,10,1,0,2,0,1,1,0,0,0,1,1,0,3,0,0
951,797163.00,186307.00,610856.00,3,9,0,1,9,0,1,1,0,0,0,0,1,5,3,0,0
952,798266.00,179311.00,618955.00,2,5,0,1,9,0,1,0,0,1,0,1,1,0,1,0,0
953,792443.00,290213.00,502230.00,2,6,1,2,6,0,1,0,0,1,0,0,0,4,0,1,0
954,889435.00,32044.00,857391.00,1,9,1,1,8,0,1,0,0,1,0,1,0,1,2,0,0
955,699046.00,74038.00,625008.00,2,7,1,1,10,0,1,1,0,0,0,0,1,5,2,0,1
956,760084.00,266174.00,493910.00,3,4,0,1,9,0,1,1,1,0,0,0,0,3,3,1,0
957,719374.00,134810.00,584564.00,2,2,0,1,0,1,1,0,1,1,1,1,1,3,2,0,0
958,832403.00,142321.00,690082.00,3,5,0,1,10,0,1,1,0,1,0,0,0,5,3,1,0
959,715151.00,172731.00,542420.00,3,1,0,0,8,0,1,1,0,0,1,1,1,2,1,0,0
960,788150.00,36659.00,751491.00,3,5,0,4,6,0,1,1,0,1,1,0,1,1,1,0,0
961,772773.00,295588.00,477185.00,3,6,1,1,2,0,1,0,1,1,0,1,0,5,1,0,1
962,708012.00,74432.00,633580.00,1,9,0,5,6,0,1,1,0,0,1,0,1,4,3,1,0
963,845402.00,39685.00,805717.00,3,4,0,2,9,0,1,0,0,0,1,0,0,4,1,0,0
964,895117.00,179823.00,715294.00,3,6,0,3,4,0,0,1,0,0,1,1,1,1,1,0,0
965,605459.00,262596.00,342863.00,3,6,1,1,7,0,1,0,0,1,1,1,0,4,2,1,1
966,662887.00,272784.00,390103.00,1,7,1,3,2,0,1,0,0,0,0,0,0,0,3,0,0
967,624255.00,234149.00,390106.00,2,5,0,1,6,0,1,1,0,1,0,0,1,0,1,0,0
968,879155.00,312576.00,566579.00,3,9,0,2,1,0,1,1,1,0,1,0,0,1,0,0,1
969,758229.00,175131.00,583098.00,2,2,0,0,10,0,1,1,1,1,1,1,1,2,3,0,0
970,825728.00,216086.00,609642.00,2,6,1,0,3,0,1,1,0,0,1,0,1,4,1,0,0
971,607679.00,36520.00,571159.00,2,10,0,1,8,0,1,1,1,1,0,1,0,0,1,0,0
972,630358.00,259253.00,371105.00,2,10,0,1,10,0,1,0,1,1,0,1,1,4,3,0,1
973,897571.00,282143.00,615428.00,1,10,0,1,10,0,1,0,1,0,1,0,1,0,3,0,0
974,647516.00,298424.00,349092.00,3,6,1,0,5,0,1,1,1,1,1,1,0,3,3,0,0
975,889611.00,284595.00,605016.00,3,1,0,4,0,1,1,0,1,1,1,0,0,3,1,0,1
976,689866.00,256309.00,433557.00,1,4,0,3,9,0,1,1,1,0,0,1,0,2,2,0,0
977,728235.00,119200.00,609035.00,3,3,1,0,0,1,1,1,0,1,1,1,0,3,0,0,0
978,794582.00,51485.00,743097.00,2,7,0,4,6,0,1,1,0,1,0,0,1,0,2,0,0
979,763294.00,175883.00,587411.00,3,6,0,2,1,0,1,1,1,1,0,0,1,2,3,0,0
980,841149.00,130447.00,710702.00,1,9,0,0,8,0,1,1,1,1,0,1,0,2,1,0,0
981,621592.00,324592.00,297000.00,2,8,0,2,9,0,0,0,0,1,1,1,0,4,3,0,0
982,630355.00,259943.00,370412.00,1,4,0,5,0,1,1,0,0,1,1,1,1,1,2,0,0
983,765106.00,230784.00,534322.00,2,3,0,2,4,0,1,1,0,1,1,0,1,4,0,0,0
984,890538.00,87358.00,803180.00,3,4,0,1,10,0,1,0,1,1,0,1,1,3,1,0,0
985,702594.00,238287.00,464307.00,2,8,0,1,5,0,1,0,1,0,1,1,1,3,2,0,1
986,866504.00,326932.00,539572.00,3,3,1,2,1,0,1,1,1,1,0,1,0,0,0,0,0
987,894968.00,289128.00,605840.00,1,5,1,0,9,0,1,1,0,1,0,1,1,3,1,0,0
988,681125.00,100434.00,580691.00,3,10,0,0,8,0,1,1,0,1,1,0,0,2,2,0,0
989,724364.00,293105.00,431259.00,1,1,0,0,5,0,1,1,0,0,0,0,0,3,3,0,0
990,768301.00,227224.00,541077.00,2,5,0,0,5,0,1,1,1,1,0,0,1,2,1,0,0
991,798402.00,147422.00,650980.00,1,7,1,2,0,1,1,0,1,0,0,0,1,2,3,0,0
992,680490.00,179253.00,501237.00,1,3,0,0,6,0,1,0,1,0,0,0,0,3,0,0,0
993,730078.00,242628.00,487450.00,1,10,1,0,8,0,1,0,0,0,1,0,0,5,2,0,0
994,662700.00,292179.00,370521.00,3,6,1,1,2,0,0,1,1,0,0,0,0,5,0,0,0
995,720567.00,60926.00,659641.00,3,5,1,2,7,0,1,0,0,0,0,0,1,3,1,0,0
996,688523.00,201395.00,487128.00,1,9,0,2,9,0,1,0,0,0,1,1,1,2,0,0,0
997,856746.00,75110.00,781636.00,1,4,0,0,8,0,1,0,0,0,0,0,1,3,1,1,1
998,620483.00,77807.00,542676.00,1,6,1,2,4,0,1,1,0,0,1,0,1,2,2,0,0
999,702275.00,108562.00,593713.00,3,9,1,0,1,0,1,1,1,1,1,0,1,4,0,0,0
1000,626724.00,133142.00,493582.00,3,6,0,1,1,0,1,0,0,1,1,0,0,0,2,0,1